,start,stop,steps_count,average amplitude
0,2021-06-01 08:18:41.884,2021-06-01 08:20:41.804,100,0.5831508357921331
1,2021-06-01 08:18:41.964,2021-06-01 08:20:41.884,100,0.583389139077907
2,2021-06-01 08:18:42.044,2021-06-01 08:20:41.964,100,0.5834862475710401
3,2021-06-01 08:18:42.124,2021-06-01 08:20:42.044,100,0.5834457057789199
4,2021-06-01 08:18:42.204,2021-06-01 08:20:42.124,100,0.5833873995817932
5,2021-06-01 08:18:42.284,2021-06-01 08:20:42.204,100,0.5832512899511405
6,2021-06-01 08:18:42.364,2021-06-01 08:20:42.284,100,0.583265858734134
7,2021-06-01 08:18:42.444,2021-06-01 08:20:42.364,101,0.5835718799280898
8,2021-06-01 08:18:42.524,2021-06-01 08:20:42.444,101,0.5839890636216809
9,2021-06-01 08:18:42.604,2021-06-01 08:20:42.524,101,0.5840946257171447
10,2021-06-01 08:18:42.684,2021-06-01 08:20:42.604,101,0.5840427665965915
11,2021-06-01 08:18:42.764,2021-06-01 08:20:42.684,101,0.5841685467116011
12,2021-06-01 08:18:42.844,2021-06-01 08:20:42.764,101,0.5843895030002277
13,2021-06-01 08:18:42.924,2021-06-01 08:20:42.844,102,0.5845881471304889
14,2021-06-01 08:18:43.004,2021-06-01 08:20:42.924,102,0.584774705253961
15,2021-06-01 08:18:43.084,2021-06-01 08:20:43.004,102,0.5847134502653928
16,2021-06-01 08:18:43.164,2021-06-01 08:20:43.084,102,0.5845060410430888
17,2021-06-01 08:18:43.244,2021-06-01 08:20:43.164,102,0.5843965459336755
18,2021-06-01 08:18:43.324,2021-06-01 08:20:43.244,102,0.5842839989553531
19,2021-06-01 08:18:43.404,2021-06-01 08:20:43.324,103,0.5843863043157177
20,2021-06-01 08:18:43.484,2021-06-01 08:20:43.404,103,0.5847253711673753
21,2021-06-01 08:18:43.564,2021-06-01 08:20:43.484,103,0.5848920171427087
22,2021-06-01 08:18:43.644,2021-06-01 08:20:43.564,103,0.5849559789546536
23,2021-06-01 08:18:43.724,2021-06-01 08:20:43.644,103,0.585073555797592
24,2021-06-01 08:18:43.804,2021-06-01 08:20:43.724,103,0.5853072201323455
25,2021-06-01 08:18:43.884,2021-06-01 08:20:43.804,104,0.5855609997325563
26,2021-06-01 08:18:43.964,2021-06-01 08:20:43.884,104,0.5857710977382429
27,2021-06-01 08:18:44.044,2021-06-01 08:20:43.964,104,0.585834562115453
28,2021-06-01 08:18:44.124,2021-06-01 08:20:44.044,104,0.5859502376562044
29,2021-06-01 08:18:44.204,2021-06-01 08:20:44.124,104,0.585890817554773
30,2021-06-01 08:18:44.284,2021-06-01 08:20:44.204,104,0.5855979516149213
31,2021-06-01 08:18:44.364,2021-06-01 08:20:44.284,104,0.5855352173205237
32,2021-06-01 08:18:44.444,2021-06-01 08:20:44.364,105,0.5856094249597817
33,2021-06-01 08:18:44.524,2021-06-01 08:20:44.444,105,0.5859310480421648
34,2021-06-01 08:18:44.604,2021-06-01 08:20:44.524,105,0.5861570038762389
35,2021-06-01 08:18:44.684,2021-06-01 08:20:44.604,105,0.5861559848546745
36,2021-06-01 08:18:44.764,2021-06-01 08:20:44.684,106,0.5861699496957969
37,2021-06-01 08:18:44.844,2021-06-01 08:20:44.764,106,0.5863471619545162
38,2021-06-01 08:18:44.924,2021-06-01 08:20:44.844,106,0.5864896959712118
39,2021-06-01 08:18:45.004,2021-06-01 08:20:44.924,106,0.5867284179661368
40,2021-06-01 08:18:45.084,2021-06-01 08:20:45.004,106,0.5868790298270768
41,2021-06-01 08:18:45.164,2021-06-01 08:20:45.084,106,0.5869061057606764
42,2021-06-01 08:18:45.244,2021-06-01 08:20:45.164,106,0.5869171808866963
43,2021-06-01 08:18:45.324,2021-06-01 08:20:45.244,106,0.5868496733669737
44,2021-06-01 08:18:45.404,2021-06-01 08:20:45.324,106,0.5868754738832347
45,2021-06-01 08:18:45.484,2021-06-01 08:20:45.404,106,0.5870874995025812
46,2021-06-01 08:18:45.564,2021-06-01 08:20:45.484,106,0.5872194437321238
47,2021-06-01 08:18:45.644,2021-06-01 08:20:45.564,106,0.587273529016586
48,2021-06-01 08:18:45.724,2021-06-01 08:20:45.644,106,0.5873253150599177
49,2021-06-01 08:18:45.804,2021-06-01 08:20:45.724,106,0.5874125876414857
50,2021-06-01 08:18:45.884,2021-06-01 08:20:45.804,106,0.5874242394461239
51,2021-06-01 08:18:45.964,2021-06-01 08:20:45.884,106,0.5877472656019029
52,2021-06-01 08:18:46.044,2021-06-01 08:20:45.964,106,0.5879513632853676
53,2021-06-01 08:18:46.124,2021-06-01 08:20:46.044,106,0.5879273795052726
54,2021-06-01 08:18:46.204,2021-06-01 08:20:46.124,106,0.5879949234639081
55,2021-06-01 08:18:46.284,2021-06-01 08:20:46.204,106,0.588008408462238
56,2021-06-01 08:18:46.364,2021-06-01 08:20:46.284,106,0.587874110640978
57,2021-06-01 08:18:46.444,2021-06-01 08:20:46.364,106,0.5878532788518701
58,2021-06-01 08:18:46.524,2021-06-01 08:20:46.444,106,0.5881135267199666
59,2021-06-01 08:18:46.604,2021-06-01 08:20:46.524,106,0.58839792643332
60,2021-06-01 08:18:46.684,2021-06-01 08:20:46.604,106,0.5884685946818466
61,2021-06-01 08:18:46.764,2021-06-01 08:20:46.684,106,0.5886420768787437
62,2021-06-01 08:18:46.844,2021-06-01 08:20:46.764,107,0.5887051646575897
63,2021-06-01 08:18:46.924,2021-06-01 08:20:46.844,107,0.5886483907255343
64,2021-06-01 08:18:47.004,2021-06-01 08:20:46.924,107,0.5887133835806027
65,2021-06-01 08:18:47.084,2021-06-01 08:20:47.004,107,0.5890425608544265
66,2021-06-01 08:18:47.164,2021-06-01 08:20:47.084,107,0.5892085542030374
67,2021-06-01 08:18:47.244,2021-06-01 08:20:47.164,107,0.5891289096751158
68,2021-06-01 08:18:47.324,2021-06-01 08:20:47.244,107,0.5890832431445737
69,2021-06-01 08:18:47.404,2021-06-01 08:20:47.324,107,0.589078394827798
70,2021-06-01 08:18:47.484,2021-06-01 08:20:47.404,107,0.5890960919273863
71,2021-06-01 08:18:47.564,2021-06-01 08:20:47.484,107,0.5892097614012062
72,2021-06-01 08:18:47.644,2021-06-01 08:20:47.564,107,0.5894003393313161
73,2021-06-01 08:18:47.724,2021-06-01 08:20:47.644,107,0.5895677315478737
74,2021-06-01 08:18:47.804,2021-06-01 08:20:47.724,107,0.5896181052975404
75,2021-06-01 08:18:47.884,2021-06-01 08:20:47.804,107,0.5896302995912587
76,2021-06-01 08:18:47.964,2021-06-01 08:20:47.884,107,0.5897503890629244
77,2021-06-01 08:18:48.044,2021-06-01 08:20:47.964,107,0.5897778556731305
78,2021-06-01 08:18:48.124,2021-06-01 08:20:48.044,107,0.5899241411796202
79,2021-06-01 08:18:48.204,2021-06-01 08:20:48.124,107,0.5901608683342853
80,2021-06-01 08:18:48.284,2021-06-01 08:20:48.204,107,0.5901717091052089
81,2021-06-01 08:18:48.364,2021-06-01 08:20:48.284,107,0.5900715288989038
82,2021-06-01 08:18:48.444,2021-06-01 08:20:48.364,107,0.5899553405939351
83,2021-06-01 08:18:48.524,2021-06-01 08:20:48.444,107,0.5899269747355201
84,2021-06-01 08:18:48.604,2021-06-01 08:20:48.524,107,0.5899555645359731
85,2021-06-01 08:18:48.684,2021-06-01 08:20:48.604,107,0.5900047108916631
86,2021-06-01 08:18:48.764,2021-06-01 08:20:48.684,107,0.5899848615468398
87,2021-06-01 08:18:48.844,2021-06-01 08:20:48.764,107,0.5898578727099394
88,2021-06-01 08:18:48.924,2021-06-01 08:20:48.844,107,0.5898062135665073
89,2021-06-01 08:18:49.004,2021-06-01 08:20:48.924,107,0.5899552692115739
90,2021-06-01 08:18:49.084,2021-06-01 08:20:49.004,107,0.5900380384388013
91,2021-06-01 08:18:49.164,2021-06-01 08:20:49.084,106,0.5900797143713509
92,2021-06-01 08:18:49.244,2021-06-01 08:20:49.164,106,0.590160776077898
93,2021-06-01 08:18:49.324,2021-06-01 08:20:49.244,106,0.5902428340234718
94,2021-06-01 08:18:49.404,2021-06-01 08:20:49.324,106,0.5902254203612167
95,2021-06-01 08:18:49.484,2021-06-01 08:20:49.404,106,0.5901651448724622
96,2021-06-01 08:18:49.564,2021-06-01 08:20:49.484,106,0.5901008764990947
97,2021-06-01 08:18:49.644,2021-06-01 08:20:49.564,105,0.5900736978066615
98,2021-06-01 08:18:49.724,2021-06-01 08:20:49.644,105,0.5900454365092207
99,2021-06-01 08:18:49.804,2021-06-01 08:20:49.724,105,0.590203558277743
100,2021-06-01 08:18:49.884,2021-06-01 08:20:49.804,105,0.5903499902460883
101,2021-06-01 08:18:49.964,2021-06-01 08:20:49.884,105,0.5904532740968541
102,2021-06-01 08:18:50.044,2021-06-01 08:20:49.964,104,0.5904780425820808
103,2021-06-01 08:18:50.124,2021-06-01 08:20:50.044,104,0.5904761026706464
104,2021-06-01 08:18:50.204,2021-06-01 08:20:50.124,104,0.5907489068520037
105,2021-06-01 08:18:50.284,2021-06-01 08:20:50.204,104,0.590933620475673
106,2021-06-01 08:18:50.364,2021-06-01 08:20:50.284,103,0.591069145967028
107,2021-06-01 08:18:50.444,2021-06-01 08:20:50.364,103,0.591198519311442
108,2021-06-01 08:18:50.524,2021-06-01 08:20:50.444,103,0.5911792593944999
109,2021-06-01 08:18:50.604,2021-06-01 08:20:50.524,103,0.5912141863700039
110,2021-06-01 08:18:50.684,2021-06-01 08:20:50.604,103,0.5912505219944191
111,2021-06-01 08:18:50.764,2021-06-01 08:20:50.684,103,0.5912277264259224
112,2021-06-01 08:18:50.844,2021-06-01 08:20:50.764,103,0.5912449601641357
113,2021-06-01 08:18:50.924,2021-06-01 08:20:50.844,103,0.5914168167058926
114,2021-06-01 08:18:51.004,2021-06-01 08:20:50.924,103,0.5915703996336138
115,2021-06-01 08:18:51.084,2021-06-01 08:20:51.004,103,0.5916631740654705
116,2021-06-01 08:18:51.164,2021-06-01 08:20:51.084,103,0.5916879388733663
117,2021-06-01 08:18:51.244,2021-06-01 08:20:51.164,103,0.5918471089570729
118,2021-06-01 08:18:51.324,2021-06-01 08:20:51.244,103,0.5920746632985137
119,2021-06-01 08:18:51.404,2021-06-01 08:20:51.324,103,0.5923300735391768
120,2021-06-01 08:18:51.484,2021-06-01 08:20:51.404,103,0.5924776859628056
121,2021-06-01 08:18:51.564,2021-06-01 08:20:51.484,103,0.5925179213514037
122,2021-06-01 08:18:51.644,2021-06-01 08:20:51.564,103,0.5924051550144238
123,2021-06-01 08:18:51.724,2021-06-01 08:20:51.644,103,0.5922302199351802
124,2021-06-01 08:18:51.804,2021-06-01 08:20:51.724,103,0.5921955390495586
125,2021-06-01 08:18:51.884,2021-06-01 08:20:51.804,103,0.592379725358268
126,2021-06-01 08:18:51.964,2021-06-01 08:20:51.884,103,0.5927092713311146
127,2021-06-01 08:18:52.044,2021-06-01 08:20:51.964,103,0.5928419005793388
128,2021-06-01 08:18:52.124,2021-06-01 08:20:52.044,103,0.5928299988366496
129,2021-06-01 08:18:52.204,2021-06-01 08:20:52.124,103,0.5928228982467489
130,2021-06-01 08:18:52.284,2021-06-01 08:20:52.204,103,0.5929656682493986
131,2021-06-01 08:18:52.364,2021-06-01 08:20:52.284,104,0.5931927331781082
132,2021-06-01 08:18:52.444,2021-06-01 08:20:52.364,104,0.5934851032236863
133,2021-06-01 08:18:52.524,2021-06-01 08:20:52.444,104,0.5936525082208517
134,2021-06-01 08:18:52.604,2021-06-01 08:20:52.524,104,0.5935570305879275
135,2021-06-01 08:18:52.684,2021-06-01 08:20:52.604,104,0.5935283074908974
136,2021-06-01 08:18:52.764,2021-06-01 08:20:52.684,104,0.5934856791644249
137,2021-06-01 08:18:52.844,2021-06-01 08:20:52.764,104,0.5934438388520509
138,2021-06-01 08:18:52.924,2021-06-01 08:20:52.844,105,0.5936446612734447
139,2021-06-01 08:18:53.004,2021-06-01 08:20:52.924,105,0.5939488995428327
140,2021-06-01 08:18:53.084,2021-06-01 08:20:53.004,105,0.5941553302156077
141,2021-06-01 08:18:53.164,2021-06-01 08:20:53.084,105,0.5942223285386342
142,2021-06-01 08:18:53.244,2021-06-01 08:20:53.164,104,0.594246592557155
143,2021-06-01 08:18:53.324,2021-06-01 08:20:53.244,105,0.594343486206635
144,2021-06-01 08:18:53.404,2021-06-01 08:20:53.324,105,0.5945229445069992
145,2021-06-01 08:18:53.484,2021-06-01 08:20:53.404,105,0.5947718461725592
146,2021-06-01 08:18:53.564,2021-06-01 08:20:53.484,105,0.5948620611990164
147,2021-06-01 08:18:53.644,2021-06-01 08:20:53.564,105,0.5948196909998735
148,2021-06-01 08:18:53.724,2021-06-01 08:20:53.644,105,0.5947891630690438
149,2021-06-01 08:18:53.804,2021-06-01 08:20:53.724,105,0.5947191294562142
150,2021-06-01 08:18:53.884,2021-06-01 08:20:53.804,105,0.594686467451051
151,2021-06-01 08:18:53.964,2021-06-01 08:20:53.884,106,0.5948284403420594
152,2021-06-01 08:18:54.044,2021-06-01 08:20:53.964,106,0.5950668253390644
153,2021-06-01 08:18:54.124,2021-06-01 08:20:54.044,106,0.5952862188218658
154,2021-06-01 08:18:54.204,2021-06-01 08:20:54.124,106,0.5954608233768625
155,2021-06-01 08:18:54.284,2021-06-01 08:20:54.204,106,0.595571325911575
156,2021-06-01 08:18:54.364,2021-06-01 08:20:54.284,106,0.5957171720284636
157,2021-06-01 08:18:54.444,2021-06-01 08:20:54.364,107,0.59586839437316
158,2021-06-01 08:18:54.524,2021-06-01 08:20:54.444,107,0.5960679905618842
159,2021-06-01 08:18:54.604,2021-06-01 08:20:54.524,107,0.5962148107965709
160,2021-06-01 08:18:54.684,2021-06-01 08:20:54.604,107,0.5962736672669899
161,2021-06-01 08:18:54.764,2021-06-01 08:20:54.684,107,0.5962919928105862
162,2021-06-01 08:18:54.844,2021-06-01 08:20:54.764,107,0.5963141057431178
163,2021-06-01 08:18:54.924,2021-06-01 08:20:54.844,107,0.596269214219332
164,2021-06-01 08:18:55.004,2021-06-01 08:20:54.924,108,0.5963980203823946
165,2021-06-01 08:18:55.084,2021-06-01 08:20:55.004,108,0.5965797745488911
166,2021-06-01 08:18:55.164,2021-06-01 08:20:55.084,108,0.5967021198918111
167,2021-06-01 08:18:55.244,2021-06-01 08:20:55.164,108,0.5967919369207982
168,2021-06-01 08:18:55.324,2021-06-01 08:20:55.244,108,0.5969524666382859
169,2021-06-01 08:18:55.404,2021-06-01 08:20:55.324,108,0.5970667582431421
170,2021-06-01 08:18:55.484,2021-06-01 08:20:55.404,108,0.597318334476272
171,2021-06-01 08:18:55.564,2021-06-01 08:20:55.484,108,0.5975487703449641
172,2021-06-01 08:18:55.644,2021-06-01 08:20:55.564,108,0.5975704219740038
173,2021-06-01 08:18:55.724,2021-06-01 08:20:55.644,108,0.5975713045933527
174,2021-06-01 08:18:55.804,2021-06-01 08:20:55.724,108,0.5975577500355546
175,2021-06-01 08:18:55.884,2021-06-01 08:20:55.804,108,0.5974218459765697
176,2021-06-01 08:18:55.964,2021-06-01 08:20:55.884,108,0.5974441362687777
177,2021-06-01 08:18:56.044,2021-06-01 08:20:55.964,108,0.5978057808374885
178,2021-06-01 08:18:56.124,2021-06-01 08:20:56.044,108,0.5980763964535111
179,2021-06-01 08:18:56.204,2021-06-01 08:20:56.124,108,0.5981721378314534
180,2021-06-01 08:18:56.284,2021-06-01 08:20:56.204,108,0.5984057329341119
181,2021-06-01 08:18:56.364,2021-06-01 08:20:56.284,108,0.5985717277950822
182,2021-06-01 08:18:56.444,2021-06-01 08:20:56.364,108,0.5987498430605429
183,2021-06-01 08:18:56.524,2021-06-01 08:20:56.444,108,0.5989722092508422
184,2021-06-01 08:18:56.604,2021-06-01 08:20:56.524,108,0.5991981969334441
185,2021-06-01 08:18:56.684,2021-06-01 08:20:56.604,108,0.5992983369474342
186,2021-06-01 08:18:56.764,2021-06-01 08:20:56.684,108,0.5993250789337272
187,2021-06-01 08:18:56.844,2021-06-01 08:20:56.764,108,0.5993317602630617
188,2021-06-01 08:18:56.924,2021-06-01 08:20:56.844,108,0.5992685453878889
189,2021-06-01 08:18:57.004,2021-06-01 08:20:56.924,108,0.5992684861664518
190,2021-06-01 08:18:57.084,2021-06-01 08:20:57.004,108,0.5995833353884804
191,2021-06-01 08:18:57.164,2021-06-01 08:20:57.084,108,0.5996840898042951
192,2021-06-01 08:18:57.244,2021-06-01 08:20:57.164,108,0.5998220328578973
193,2021-06-01 08:18:57.324,2021-06-01 08:20:57.244,108,0.5999556780650206
194,2021-06-01 08:18:57.404,2021-06-01 08:20:57.324,109,0.6001117221701339
195,2021-06-01 08:18:57.484,2021-06-01 08:20:57.404,109,0.6003698355221667
196,2021-06-01 08:18:57.564,2021-06-01 08:20:57.484,109,0.6006105047468442
197,2021-06-01 08:18:57.644,2021-06-01 08:20:57.564,109,0.6006670384729597
198,2021-06-01 08:18:57.724,2021-06-01 08:20:57.644,109,0.6006852741338436
199,2021-06-01 08:18:57.804,2021-06-01 08:20:57.724,109,0.6006533293592411
200,2021-06-01 08:18:57.884,2021-06-01 08:20:57.804,109,0.600620456155854
201,2021-06-01 08:18:57.964,2021-06-01 08:20:57.884,110,0.6006588556715313
202,2021-06-01 08:18:58.044,2021-06-01 08:20:57.964,110,0.6009829767172661
203,2021-06-01 08:18:58.124,2021-06-01 08:20:58.044,110,0.6012754074451405
204,2021-06-01 08:18:58.204,2021-06-01 08:20:58.124,110,0.6013400244427867
205,2021-06-01 08:18:58.284,2021-06-01 08:20:58.204,110,0.6013606537456484
206,2021-06-01 08:18:58.364,2021-06-01 08:20:58.284,110,0.6011140791365687
207,2021-06-01 08:18:58.444,2021-06-01 08:20:58.364,110,0.6006333370757694
208,2021-06-01 08:18:58.524,2021-06-01 08:20:58.444,110,0.6005345528879363
209,2021-06-01 08:18:58.604,2021-06-01 08:20:58.524,110,0.600656892117151
210,2021-06-01 08:18:58.684,2021-06-01 08:20:58.604,110,0.6007300354887604
211,2021-06-01 08:18:58.764,2021-06-01 08:20:58.684,110,0.600777854593082
212,2021-06-01 08:18:58.844,2021-06-01 08:20:58.764,110,0.6007668651763066
213,2021-06-01 08:18:58.924,2021-06-01 08:20:58.844,110,0.6007015505567213
214,2021-06-01 08:18:59.004,2021-06-01 08:20:58.924,110,0.6006899984530503
215,2021-06-01 08:18:59.084,2021-06-01 08:20:59.004,110,0.6010159447206782
216,2021-06-01 08:18:59.164,2021-06-01 08:20:59.084,110,0.6010467453371943
217,2021-06-01 08:18:59.244,2021-06-01 08:20:59.164,110,0.6011121459976894
218,2021-06-01 08:18:59.324,2021-06-01 08:20:59.244,110,0.6012188172264504
219,2021-06-01 08:18:59.404,2021-06-01 08:20:59.324,110,0.6013940480209508
220,2021-06-01 08:18:59.484,2021-06-01 08:20:59.404,110,0.6015424736861328
221,2021-06-01 08:18:59.564,2021-06-01 08:20:59.484,110,0.601752444248032
222,2021-06-01 08:18:59.644,2021-06-01 08:20:59.564,110,0.6018969772602355
223,2021-06-01 08:18:59.724,2021-06-01 08:20:59.644,110,0.601894772990297
224,2021-06-01 08:18:59.804,2021-06-01 08:20:59.724,110,0.6018785774138264
225,2021-06-01 08:18:59.884,2021-06-01 08:20:59.804,110,0.6018176250343125
226,2021-06-01 08:18:59.964,2021-06-01 08:20:59.884,110,0.6017693224327129
227,2021-06-01 08:19:00.044,2021-06-01 08:20:59.964,111,0.6018952893216123
228,2021-06-01 08:19:00.124,2021-06-01 08:21:00.044,111,0.6022122512182612
229,2021-06-01 08:19:00.204,2021-06-01 08:21:00.124,111,0.602393112930315
230,2021-06-01 08:19:00.284,2021-06-01 08:21:00.204,111,0.6024891967521082
231,2021-06-01 08:19:00.364,2021-06-01 08:21:00.284,111,0.6025747572899037
232,2021-06-01 08:19:00.444,2021-06-01 08:21:00.364,111,0.602698480103321
233,2021-06-01 08:19:00.524,2021-06-01 08:21:00.444,112,0.6028353274703335
234,2021-06-01 08:19:00.604,2021-06-01 08:21:00.524,112,0.6030944792089197
235,2021-06-01 08:19:00.684,2021-06-01 08:21:00.604,112,0.6033542887075133
236,2021-06-01 08:19:00.764,2021-06-01 08:21:00.684,112,0.6034561908926084
237,2021-06-01 08:19:00.844,2021-06-01 08:21:00.764,112,0.6035228410752371
238,2021-06-01 08:19:00.924,2021-06-01 08:21:00.844,112,0.6034549255244124
239,2021-06-01 08:19:01.004,2021-06-01 08:21:00.924,113,0.6033641502667001
240,2021-06-01 08:19:01.084,2021-06-01 08:21:01.004,113,0.6036099995462634
241,2021-06-01 08:19:01.164,2021-06-01 08:21:01.084,113,0.6038481726954733
242,2021-06-01 08:19:01.244,2021-06-01 08:21:01.164,113,0.6038899876955468
243,2021-06-01 08:19:01.324,2021-06-01 08:21:01.244,113,0.6039376378173394
244,2021-06-01 08:19:01.404,2021-06-01 08:21:01.324,113,0.6040592260821149
245,2021-06-01 08:19:01.484,2021-06-01 08:21:01.404,113,0.6042681284680363
246,2021-06-01 08:19:01.564,2021-06-01 08:21:01.484,114,0.6045179782802989
247,2021-06-01 08:19:01.644,2021-06-01 08:21:01.564,114,0.6048206825353203
248,2021-06-01 08:19:01.724,2021-06-01 08:21:01.644,114,0.6050449130846198
249,2021-06-01 08:19:01.804,2021-06-01 08:21:01.724,114,0.6052732000399149
250,2021-06-01 08:19:01.884,2021-06-01 08:21:01.804,114,0.6052433475787914
251,2021-06-01 08:19:01.964,2021-06-01 08:21:01.884,114,0.6050333339410843
252,2021-06-01 08:19:02.044,2021-06-01 08:21:01.964,114,0.604738876691823
253,2021-06-01 08:19:02.124,2021-06-01 08:21:02.044,115,0.6045914341365135
254,2021-06-01 08:19:02.204,2021-06-01 08:21:02.124,115,0.6047632429985635
255,2021-06-01 08:19:02.284,2021-06-01 08:21:02.204,115,0.6049781629058913
256,2021-06-01 08:19:02.364,2021-06-01 08:21:02.284,115,0.6051368823588495
257,2021-06-01 08:19:02.444,2021-06-01 08:21:02.364,115,0.6051093982877704
258,2021-06-01 08:19:02.524,2021-06-01 08:21:02.444,115,0.6050427162432369
259,2021-06-01 08:19:02.604,2021-06-01 08:21:02.524,116,0.6050937475736152
260,2021-06-01 08:19:02.684,2021-06-01 08:21:02.604,116,0.6053570261079205
261,2021-06-01 08:19:02.764,2021-06-01 08:21:02.684,116,0.6056526883642642
262,2021-06-01 08:19:02.844,2021-06-01 08:21:02.764,116,0.6057856799109518
263,2021-06-01 08:19:02.924,2021-06-01 08:21:02.844,116,0.6058254930710297
264,2021-06-01 08:19:03.004,2021-06-01 08:21:02.924,116,0.6057345275286875
265,2021-06-01 08:19:03.084,2021-06-01 08:21:03.004,117,0.6057517879605273
266,2021-06-01 08:19:03.164,2021-06-01 08:21:03.084,117,0.6060031587267297
267,2021-06-01 08:19:03.244,2021-06-01 08:21:03.164,117,0.6062399454177192
268,2021-06-01 08:19:03.324,2021-06-01 08:21:03.244,117,0.6064874135336751
269,2021-06-01 08:19:03.404,2021-06-01 08:21:03.324,117,0.6066202220920794
270,2021-06-01 08:19:03.484,2021-06-01 08:21:03.404,116,0.6066719847791778
271,2021-06-01 08:19:03.564,2021-06-01 08:21:03.484,116,0.606933520717656
272,2021-06-01 08:19:03.644,2021-06-01 08:21:03.564,117,0.6072027009667579
273,2021-06-01 08:19:03.724,2021-06-01 08:21:03.644,117,0.6072420896896807
274,2021-06-01 08:19:03.804,2021-06-01 08:21:03.724,117,0.607410836096993
275,2021-06-01 08:19:03.884,2021-06-01 08:21:03.804,117,0.6076119929055127
276,2021-06-01 08:19:03.964,2021-06-01 08:21:03.884,117,0.6074554244157655
277,2021-06-01 08:19:04.044,2021-06-01 08:21:03.964,117,0.6071210587836796
278,2021-06-01 08:19:04.124,2021-06-01 08:21:04.044,117,0.6068011999558284
279,2021-06-01 08:19:04.204,2021-06-01 08:21:04.124,118,0.606924500863317
280,2021-06-01 08:19:04.284,2021-06-01 08:21:04.204,118,0.6071093848475232
281,2021-06-01 08:19:04.364,2021-06-01 08:21:04.284,118,0.6072298758434418
282,2021-06-01 08:19:04.444,2021-06-01 08:21:04.364,118,0.607309989897904
283,2021-06-01 08:19:04.524,2021-06-01 08:21:04.444,119,0.6073576794560954
284,2021-06-01 08:19:04.604,2021-06-01 08:21:04.524,119,0.60758388981278
285,2021-06-01 08:19:04.684,2021-06-01 08:21:04.604,119,0.6077176302606173
286,2021-06-01 08:19:04.764,2021-06-01 08:21:04.684,119,0.6079086659528058
287,2021-06-01 08:19:04.844,2021-06-01 08:21:04.764,119,0.608001151372867
288,2021-06-01 08:19:04.924,2021-06-01 08:21:04.844,119,0.6079543620012693
289,2021-06-01 08:19:05.004,2021-06-01 08:21:04.924,119,0.6079240721087232
290,2021-06-01 08:19:05.084,2021-06-01 08:21:05.004,119,0.6078632994003832
291,2021-06-01 08:19:05.164,2021-06-01 08:21:05.084,119,0.6080012231264772
292,2021-06-01 08:19:05.244,2021-06-01 08:21:05.164,119,0.6082646015826739
293,2021-06-01 08:19:05.324,2021-06-01 08:21:05.244,119,0.6084461160264397
294,2021-06-01 08:19:05.404,2021-06-01 08:21:05.324,119,0.6085621686389816
295,2021-06-01 08:19:05.484,2021-06-01 08:21:05.404,119,0.608564034640177
296,2021-06-01 08:19:05.564,2021-06-01 08:21:05.484,119,0.6085782954593758
297,2021-06-01 08:19:05.644,2021-06-01 08:21:05.564,119,0.608674029400869
298,2021-06-01 08:19:05.724,2021-06-01 08:21:05.644,119,0.6088604235292916
299,2021-06-01 08:19:05.804,2021-06-01 08:21:05.724,119,0.6091489553096506
300,2021-06-01 08:19:05.884,2021-06-01 08:21:05.804,119,0.6093017849471982
301,2021-06-01 08:19:05.964,2021-06-01 08:21:05.884,119,0.6093923028431255
302,2021-06-01 08:19:06.044,2021-06-01 08:21:05.964,119,0.6093648244679429
303,2021-06-01 08:19:06.124,2021-06-01 08:21:06.044,119,0.6091891423174419
304,2021-06-01 08:19:06.204,2021-06-01 08:21:06.124,119,0.6089363267582004
305,2021-06-01 08:19:06.284,2021-06-01 08:21:06.204,119,0.6090519160478627
306,2021-06-01 08:19:06.364,2021-06-01 08:21:06.284,119,0.6093505739291312
307,2021-06-01 08:19:06.444,2021-06-01 08:21:06.364,119,0.6094970161340547
308,2021-06-01 08:19:06.524,2021-06-01 08:21:06.444,118,0.6094524198677148
309,2021-06-01 08:19:06.604,2021-06-01 08:21:06.524,119,0.6094383137271309
310,2021-06-01 08:19:06.684,2021-06-01 08:21:06.604,119,0.6096001406356422
311,2021-06-01 08:19:06.764,2021-06-01 08:21:06.684,119,0.6095515493576339
312,2021-06-01 08:19:06.844,2021-06-01 08:21:06.764,119,0.6096489014985232
313,2021-06-01 08:19:06.924,2021-06-01 08:21:06.844,119,0.6095882552792847
314,2021-06-01 08:19:07.004,2021-06-01 08:21:06.924,119,0.6094809283433645
315,2021-06-01 08:19:07.084,2021-06-01 08:21:07.004,119,0.609383429524126
316,2021-06-01 08:19:07.164,2021-06-01 08:21:07.084,119,0.6093761675189896
317,2021-06-01 08:19:07.244,2021-06-01 08:21:07.164,119,0.6094946847209631
318,2021-06-01 08:19:07.324,2021-06-01 08:21:07.244,119,0.6097725750861633
319,2021-06-01 08:19:07.404,2021-06-01 08:21:07.324,119,0.6100124645885162
320,2021-06-01 08:19:07.484,2021-06-01 08:21:07.404,119,0.6101646840469656
321,2021-06-01 08:19:07.564,2021-06-01 08:21:07.484,119,0.6102681825348699
322,2021-06-01 08:19:07.644,2021-06-01 08:21:07.564,119,0.6103486677998762
323,2021-06-01 08:19:07.724,2021-06-01 08:21:07.644,119,0.6104002139980833
324,2021-06-01 08:19:07.804,2021-06-01 08:21:07.724,119,0.6105757084549907
325,2021-06-01 08:19:07.884,2021-06-01 08:21:07.804,119,0.6108158918479003
326,2021-06-01 08:19:07.964,2021-06-01 08:21:07.884,119,0.6109581031888689
327,2021-06-01 08:19:08.044,2021-06-01 08:21:07.964,119,0.6110558904614338
328,2021-06-01 08:19:08.124,2021-06-01 08:21:08.044,119,0.6110512822361439
329,2021-06-01 08:19:08.204,2021-06-01 08:21:08.124,119,0.6109582807097227
330,2021-06-01 08:19:08.284,2021-06-01 08:21:08.204,119,0.610815881309552
331,2021-06-01 08:19:08.364,2021-06-01 08:21:08.284,119,0.6109893191291731
332,2021-06-01 08:19:08.444,2021-06-01 08:21:08.364,119,0.6113348417862221
333,2021-06-01 08:19:08.524,2021-06-01 08:21:08.444,119,0.6115194370852136
334,2021-06-01 08:19:08.604,2021-06-01 08:21:08.524,119,0.6116432986026806
335,2021-06-01 08:19:08.684,2021-06-01 08:21:08.604,119,0.611791216129556
336,2021-06-01 08:19:08.764,2021-06-01 08:21:08.684,119,0.612102387098343
337,2021-06-01 08:19:08.844,2021-06-01 08:21:08.764,120,0.6123735738833131
338,2021-06-01 08:19:08.924,2021-06-01 08:21:08.844,120,0.6124744300257035
339,2021-06-01 08:19:09.004,2021-06-01 08:21:08.924,120,0.6123967898842938
340,2021-06-01 08:19:09.084,2021-06-01 08:21:09.004,120,0.6124090877941896
341,2021-06-01 08:19:09.164,2021-06-01 08:21:09.084,120,0.6123555712989801
342,2021-06-01 08:19:09.244,2021-06-01 08:21:09.164,120,0.6123024354351259
343,2021-06-01 08:19:09.324,2021-06-01 08:21:09.244,121,0.6122305147441144
344,2021-06-01 08:19:09.404,2021-06-01 08:21:09.324,120,0.6123469294682777
345,2021-06-01 08:19:09.484,2021-06-01 08:21:09.404,120,0.6124166612032346
346,2021-06-01 08:19:09.564,2021-06-01 08:21:09.484,120,0.612505060293877
347,2021-06-01 08:19:09.644,2021-06-01 08:21:09.564,120,0.6126688186263175
348,2021-06-01 08:19:09.724,2021-06-01 08:21:09.644,120,0.6128239970902057
349,2021-06-01 08:19:09.804,2021-06-01 08:21:09.724,120,0.6129686520797625
350,2021-06-01 08:19:09.884,2021-06-01 08:21:09.804,121,0.6131811210545426
351,2021-06-01 08:19:09.964,2021-06-01 08:21:09.884,121,0.6134361573491524
352,2021-06-01 08:19:10.044,2021-06-01 08:21:09.964,121,0.6135298199313683
353,2021-06-01 08:19:10.124,2021-06-01 08:21:10.044,120,0.6133974297577849
354,2021-06-01 08:19:10.204,2021-06-01 08:21:10.124,120,0.6133610074713015
355,2021-06-01 08:19:10.284,2021-06-01 08:21:10.204,120,0.6134355633557869
356,2021-06-01 08:19:10.364,2021-06-01 08:21:10.284,120,0.6134245981055875
357,2021-06-01 08:19:10.444,2021-06-01 08:21:10.364,121,0.6136587415706841
358,2021-06-01 08:19:10.524,2021-06-01 08:21:10.444,121,0.6139086608314783
359,2021-06-01 08:19:10.604,2021-06-01 08:21:10.524,120,0.6139561210374873
360,2021-06-01 08:19:10.684,2021-06-01 08:21:10.604,120,0.6140386088672741
361,2021-06-01 08:19:10.764,2021-06-01 08:21:10.684,120,0.6141128729250164
362,2021-06-01 08:19:10.844,2021-06-01 08:21:10.764,121,0.6143336298041464
363,2021-06-01 08:19:10.924,2021-06-01 08:21:10.844,121,0.6144932446605227
364,2021-06-01 08:19:11.004,2021-06-01 08:21:10.924,120,0.614424144938488
365,2021-06-01 08:19:11.084,2021-06-01 08:21:11.004,120,0.6143742349200918
366,2021-06-01 08:19:11.164,2021-06-01 08:21:11.084,120,0.6144408357981962
367,2021-06-01 08:19:11.244,2021-06-01 08:21:11.164,120,0.6145556372727621
368,2021-06-01 08:19:11.324,2021-06-01 08:21:11.244,120,0.6146895769107202
369,2021-06-01 08:19:11.404,2021-06-01 08:21:11.324,121,0.6148588254892124
370,2021-06-01 08:19:11.484,2021-06-01 08:21:11.404,120,0.6150905463498263
371,2021-06-01 08:19:11.564,2021-06-01 08:21:11.484,120,0.6152309455963786
372,2021-06-01 08:19:11.644,2021-06-01 08:21:11.564,120,0.6150991144772899
373,2021-06-01 08:19:11.724,2021-06-01 08:21:11.644,120,0.6144030390491807
374,2021-06-01 08:19:11.804,2021-06-01 08:21:11.724,120,0.614392674348388
375,2021-06-01 08:19:11.884,2021-06-01 08:21:11.804,120,0.6146601452395862
376,2021-06-01 08:19:11.964,2021-06-01 08:21:11.884,121,0.6147198909005916
377,2021-06-01 08:19:12.044,2021-06-01 08:21:11.964,121,0.6150002578705352
378,2021-06-01 08:19:12.124,2021-06-01 08:21:12.044,121,0.6147250368689721
379,2021-06-01 08:19:12.204,2021-06-01 08:21:12.124,121,0.6143524375086019
380,2021-06-01 08:19:12.284,2021-06-01 08:21:12.204,121,0.6138958856364136
381,2021-06-01 08:19:12.364,2021-06-01 08:21:12.284,121,0.6139177662012324
382,2021-06-01 08:19:12.444,2021-06-01 08:21:12.364,122,0.6139145370574862
383,2021-06-01 08:19:12.524,2021-06-01 08:21:12.444,122,0.6137762374005452
384,2021-06-01 08:19:12.604,2021-06-01 08:21:12.524,122,0.6132879022774168
385,2021-06-01 08:19:12.684,2021-06-01 08:21:12.604,122,0.613306112284923
386,2021-06-01 08:19:12.764,2021-06-01 08:21:12.684,122,0.6134904410751204
387,2021-06-01 08:19:12.844,2021-06-01 08:21:12.764,122,0.6136847560252826
388,2021-06-01 08:19:12.924,2021-06-01 08:21:12.844,123,0.6135932754629186
389,2021-06-01 08:19:13.004,2021-06-01 08:21:12.924,123,0.6137420009114104
390,2021-06-01 08:19:13.084,2021-06-01 08:21:13.004,123,0.6139792366235137
391,2021-06-01 08:19:13.164,2021-06-01 08:21:13.084,123,0.6140396593219045
392,2021-06-01 08:19:13.244,2021-06-01 08:21:13.164,123,0.6141394224079424
393,2021-06-01 08:19:13.324,2021-06-01 08:21:13.244,123,0.613908322961181
394,2021-06-01 08:19:13.404,2021-06-01 08:21:13.324,122,0.6136118776078398
395,2021-06-01 08:19:13.484,2021-06-01 08:21:13.404,123,0.613767291357751
396,2021-06-01 08:19:13.564,2021-06-01 08:21:13.484,123,0.6142343645117476
397,2021-06-01 08:19:13.644,2021-06-01 08:21:13.564,123,0.6142598149346199
398,2021-06-01 08:19:13.724,2021-06-01 08:21:13.644,122,0.6139699462677188
399,2021-06-01 08:19:13.804,2021-06-01 08:21:13.724,122,0.6139514424724234
400,2021-06-01 08:19:13.884,2021-06-01 08:21:13.804,122,0.6141119738584953
401,2021-06-01 08:19:13.964,2021-06-01 08:21:13.884,123,0.6143544505188048
402,2021-06-01 08:19:14.044,2021-06-01 08:21:13.964,123,0.6147505437267274
403,2021-06-01 08:19:14.124,2021-06-01 08:21:14.044,123,0.614935041476355
404,2021-06-01 08:19:14.204,2021-06-01 08:21:14.124,123,0.6148121346393265
405,2021-06-01 08:19:14.284,2021-06-01 08:21:14.204,122,0.6146081677134612
406,2021-06-01 08:19:14.364,2021-06-01 08:21:14.284,122,0.6144225801701718
407,2021-06-01 08:19:14.444,2021-06-01 08:21:14.364,122,0.6145070084909459
408,2021-06-01 08:19:14.524,2021-06-01 08:21:14.444,123,0.6146449083765685
409,2021-06-01 08:19:14.604,2021-06-01 08:21:14.524,123,0.6149883764261219
410,2021-06-01 08:19:14.684,2021-06-01 08:21:14.604,123,0.6153360600917676
411,2021-06-01 08:19:14.764,2021-06-01 08:21:14.684,123,0.6154755636102871
412,2021-06-01 08:19:14.844,2021-06-01 08:21:14.764,123,0.6155443632795697
413,2021-06-01 08:19:14.924,2021-06-01 08:21:14.844,123,0.6155942727526755
414,2021-06-01 08:19:15.004,2021-06-01 08:21:14.924,123,0.6158645362872156
415,2021-06-01 08:19:15.084,2021-06-01 08:21:15.004,123,0.6161739195698265
416,2021-06-01 08:19:15.164,2021-06-01 08:21:15.084,123,0.616306590022523
417,2021-06-01 08:19:15.244,2021-06-01 08:21:15.164,123,0.6163534512896152
418,2021-06-01 08:19:15.324,2021-06-01 08:21:15.244,123,0.6162217335095866
419,2021-06-01 08:19:15.404,2021-06-01 08:21:15.324,122,0.6160684399120521
420,2021-06-01 08:19:15.484,2021-06-01 08:21:15.404,122,0.6161248912781286
421,2021-06-01 08:19:15.564,2021-06-01 08:21:15.484,123,0.6163721687108342
422,2021-06-01 08:19:15.644,2021-06-01 08:21:15.564,123,0.6166324879830543
423,2021-06-01 08:19:15.724,2021-06-01 08:21:15.644,122,0.6166809497207761
424,2021-06-01 08:19:15.804,2021-06-01 08:21:15.724,122,0.616725464192006
425,2021-06-01 08:19:15.884,2021-06-01 08:21:15.804,123,0.6168420436738415
426,2021-06-01 08:19:15.964,2021-06-01 08:21:15.884,123,0.6170551930841538
427,2021-06-01 08:19:16.044,2021-06-01 08:21:15.964,123,0.6172623249998546
428,2021-06-01 08:19:16.124,2021-06-01 08:21:16.044,122,0.6174579346470401
429,2021-06-01 08:19:16.204,2021-06-01 08:21:16.124,122,0.6176028862218979
430,2021-06-01 08:19:16.284,2021-06-01 08:21:16.204,122,0.6176550924512216
431,2021-06-01 08:19:16.364,2021-06-01 08:21:16.284,122,0.6176930925068362
432,2021-06-01 08:19:16.444,2021-06-01 08:21:16.364,122,0.6176846071340562
433,2021-06-01 08:19:16.524,2021-06-01 08:21:16.444,122,0.6176849943421859
434,2021-06-01 08:19:16.604,2021-06-01 08:21:16.524,121,0.6177179858749008
435,2021-06-01 08:19:16.684,2021-06-01 08:21:16.604,121,0.6179730626450717
436,2021-06-01 08:19:16.764,2021-06-01 08:21:16.684,121,0.6180894006400318
437,2021-06-01 08:19:16.844,2021-06-01 08:21:16.764,121,0.6182137619524329
438,2021-06-01 08:19:16.924,2021-06-01 08:21:16.844,121,0.6183987882611843
439,2021-06-01 08:19:17.004,2021-06-01 08:21:16.924,121,0.6185024432634673
440,2021-06-01 08:19:17.084,2021-06-01 08:21:17.004,120,0.6186148537635769
441,2021-06-01 08:19:17.164,2021-06-01 08:21:17.084,120,0.6188628444395516
442,2021-06-01 08:19:17.244,2021-06-01 08:21:17.164,120,0.6190208718494586
443,2021-06-01 08:19:17.324,2021-06-01 08:21:17.244,120,0.619096899479619
444,2021-06-01 08:19:17.404,2021-06-01 08:21:17.324,119,0.6189351826898547
445,2021-06-01 08:19:17.484,2021-06-01 08:21:17.404,119,0.6187841473267641
446,2021-06-01 08:19:17.564,2021-06-01 08:21:17.484,119,0.6188264157964278
447,2021-06-01 08:19:17.644,2021-06-01 08:21:17.564,119,0.6191290631427847
448,2021-06-01 08:19:17.724,2021-06-01 08:21:17.644,119,0.6193912598170371
449,2021-06-01 08:19:17.804,2021-06-01 08:21:17.724,119,0.6193935745486049
450,2021-06-01 08:19:17.884,2021-06-01 08:21:17.804,118,0.6194052670042223
451,2021-06-01 08:19:17.964,2021-06-01 08:21:17.884,118,0.6195154886627545
452,2021-06-01 08:19:18.044,2021-06-01 08:21:17.964,118,0.6197063643765043
453,2021-06-01 08:19:18.124,2021-06-01 08:21:18.044,118,0.6200199620572698
454,2021-06-01 08:19:18.204,2021-06-01 08:21:18.124,118,0.6202429165584766
455,2021-06-01 08:19:18.284,2021-06-01 08:21:18.204,117,0.6202924811933741
456,2021-06-01 08:19:18.364,2021-06-01 08:21:18.284,117,0.6202472766218644
457,2021-06-01 08:19:18.444,2021-06-01 08:21:18.364,117,0.6202128280206546
458,2021-06-01 08:19:18.524,2021-06-01 08:21:18.444,117,0.6202100788756352
459,2021-06-01 08:19:18.604,2021-06-01 08:21:18.524,116,0.6199595682924397
460,2021-06-01 08:19:18.684,2021-06-01 08:21:18.604,116,0.6199753581463637
461,2021-06-01 08:19:18.764,2021-06-01 08:21:18.684,116,0.6201410186854083
462,2021-06-01 08:19:18.844,2021-06-01 08:21:18.764,116,0.6203013469712672
463,2021-06-01 08:19:18.924,2021-06-01 08:21:18.844,116,0.6204865178645015
464,2021-06-01 08:19:19.004,2021-06-01 08:21:18.924,116,0.6206095862188277
465,2021-06-01 08:19:19.084,2021-06-01 08:21:19.004,115,0.620699246121451
466,2021-06-01 08:19:19.164,2021-06-01 08:21:19.084,115,0.6208667643364035
467,2021-06-01 08:19:19.244,2021-06-01 08:21:19.164,115,0.6211078511274181
468,2021-06-01 08:19:19.324,2021-06-01 08:21:19.244,115,0.6211615739197801
469,2021-06-01 08:19:19.404,2021-06-01 08:21:19.324,115,0.6210039780328442
470,2021-06-01 08:19:19.484,2021-06-01 08:21:19.404,114,0.6207405675361448
471,2021-06-01 08:19:19.564,2021-06-01 08:21:19.484,114,0.6206254151479652
472,2021-06-01 08:19:19.644,2021-06-01 08:21:19.564,114,0.6207307370071349
473,2021-06-01 08:19:19.724,2021-06-01 08:21:19.644,115,0.6210229163235014
474,2021-06-01 08:19:19.804,2021-06-01 08:21:19.724,115,0.6212959160114053
475,2021-06-01 08:19:19.884,2021-06-01 08:21:19.804,114,0.6212644139769008
476,2021-06-01 08:19:19.964,2021-06-01 08:21:19.884,114,0.6212350216599009
477,2021-06-01 08:19:20.044,2021-06-01 08:21:19.964,115,0.6213228249895533
478,2021-06-01 08:19:20.124,2021-06-01 08:21:20.044,115,0.621539331341302
479,2021-06-01 08:19:20.204,2021-06-01 08:21:20.124,115,0.6217685206431427
480,2021-06-01 08:19:20.284,2021-06-01 08:21:20.204,115,0.6220634028666563
481,2021-06-01 08:19:20.364,2021-06-01 08:21:20.284,115,0.622374612316244
482,2021-06-01 08:19:20.444,2021-06-01 08:21:20.364,115,0.6221090325405196
483,2021-06-01 08:19:20.524,2021-06-01 08:21:20.444,114,0.6215176453197971
484,2021-06-01 08:19:20.604,2021-06-01 08:21:20.524,114,0.621128055795671
485,2021-06-01 08:19:20.684,2021-06-01 08:21:20.604,114,0.6210715439744036
486,2021-06-01 08:19:20.764,2021-06-01 08:21:20.684,114,0.6213587269273363
487,2021-06-01 08:19:20.844,2021-06-01 08:21:20.764,114,0.6216291872310991
488,2021-06-01 08:19:20.924,2021-06-01 08:21:20.844,114,0.6216818030397641
489,2021-06-01 08:19:21.004,2021-06-01 08:21:20.924,113,0.621671457090501
490,2021-06-01 08:19:21.084,2021-06-01 08:21:21.004,113,0.6216269686222679
491,2021-06-01 08:19:21.164,2021-06-01 08:21:21.084,113,0.6216400326538907
492,2021-06-01 08:19:21.244,2021-06-01 08:21:21.164,113,0.6216788202296893
493,2021-06-01 08:19:21.324,2021-06-01 08:21:21.244,113,0.6218730870940108
494,2021-06-01 08:19:21.404,2021-06-01 08:21:21.324,113,0.6219741586275647
495,2021-06-01 08:19:21.484,2021-06-01 08:21:21.404,113,0.6219365809698596
496,2021-06-01 08:19:21.564,2021-06-01 08:21:21.484,113,0.6220313188461627
497,2021-06-01 08:19:21.644,2021-06-01 08:21:21.564,113,0.6220970317279257
498,2021-06-01 08:19:21.724,2021-06-01 08:21:21.644,113,0.6220841444488067
499,2021-06-01 08:19:21.804,2021-06-01 08:21:21.724,113,0.6219961064178011
500,2021-06-01 08:19:21.884,2021-06-01 08:21:21.804,113,0.62197223874159
501,2021-06-01 08:19:21.964,2021-06-01 08:21:21.884,113,0.6221211849673652
502,2021-06-01 08:19:22.044,2021-06-01 08:21:21.964,113,0.6221384892735993
503,2021-06-01 08:19:22.124,2021-06-01 08:21:22.044,113,0.6221407697503225
504,2021-06-01 08:19:22.204,2021-06-01 08:21:22.124,113,0.6221381482279844
505,2021-06-01 08:19:22.284,2021-06-01 08:21:22.204,113,0.6221283865698233
506,2021-06-01 08:19:22.364,2021-06-01 08:21:22.284,113,0.6221471729043989
507,2021-06-01 08:19:22.444,2021-06-01 08:21:22.364,113,0.6221842374008458
508,2021-06-01 08:19:22.524,2021-06-01 08:21:22.444,113,0.6222858194568739
509,2021-06-01 08:19:22.604,2021-06-01 08:21:22.524,113,0.6222714770525991
510,2021-06-01 08:19:22.684,2021-06-01 08:21:22.604,113,0.6221701368983875
511,2021-06-01 08:19:22.764,2021-06-01 08:21:22.684,113,0.6221565215591002
512,2021-06-01 08:19:22.844,2021-06-01 08:21:22.764,113,0.6222120794465115
513,2021-06-01 08:19:22.924,2021-06-01 08:21:22.844,113,0.6223662311418366
514,2021-06-01 08:19:23.004,2021-06-01 08:21:22.924,113,0.6223348784768774
515,2021-06-01 08:19:23.084,2021-06-01 08:21:23.004,113,0.6222762494668485
516,2021-06-01 08:19:23.164,2021-06-01 08:21:23.084,113,0.6221606256738067
517,2021-06-01 08:19:23.244,2021-06-01 08:21:23.164,113,0.6221086512574625
518,2021-06-01 08:19:23.324,2021-06-01 08:21:23.244,113,0.622178843389065
519,2021-06-01 08:19:23.404,2021-06-01 08:21:23.324,113,0.6221646833765175
520,2021-06-01 08:19:23.484,2021-06-01 08:21:23.404,113,0.6222198630756755
521,2021-06-01 08:19:23.564,2021-06-01 08:21:23.484,113,0.6223766508740312
522,2021-06-01 08:19:23.644,2021-06-01 08:21:23.564,113,0.6224067683762508
523,2021-06-01 08:19:23.724,2021-06-01 08:21:23.644,113,0.6223732965547549
524,2021-06-01 08:19:23.804,2021-06-01 08:21:23.724,113,0.6223429297709118
525,2021-06-01 08:19:23.884,2021-06-01 08:21:23.804,113,0.6223650846985187
526,2021-06-01 08:19:23.964,2021-06-01 08:21:23.884,113,0.6222475438363831
527,2021-06-01 08:19:24.044,2021-06-01 08:21:23.964,113,0.6223499991370556
528,2021-06-01 08:19:24.124,2021-06-01 08:21:24.044,113,0.6224558417549558
529,2021-06-01 08:19:24.204,2021-06-01 08:21:24.124,113,0.6224170384904885
530,2021-06-01 08:19:24.284,2021-06-01 08:21:24.204,113,0.6223540888119204
531,2021-06-01 08:19:24.364,2021-06-01 08:21:24.284,113,0.6222604155005129
532,2021-06-01 08:19:24.444,2021-06-01 08:21:24.364,113,0.6222082497740025
533,2021-06-01 08:19:24.524,2021-06-01 08:21:24.444,113,0.6222591848809728
534,2021-06-01 08:19:24.604,2021-06-01 08:21:24.524,113,0.6224455924986771
535,2021-06-01 08:19:24.684,2021-06-01 08:21:24.604,113,0.6225718302150829
536,2021-06-01 08:19:24.764,2021-06-01 08:21:24.684,113,0.6226117069596957
537,2021-06-01 08:19:24.844,2021-06-01 08:21:24.764,113,0.6225854076316802
538,2021-06-01 08:19:24.924,2021-06-01 08:21:24.844,113,0.6223443790802208
539,2021-06-01 08:19:25.004,2021-06-01 08:21:24.924,113,0.6220675817397273
540,2021-06-01 08:19:25.084,2021-06-01 08:21:25.004,113,0.6223037314313801
541,2021-06-01 08:19:25.164,2021-06-01 08:21:25.084,113,0.6226771179229029
542,2021-06-01 08:19:25.244,2021-06-01 08:21:25.164,113,0.6229012369516189
543,2021-06-01 08:19:25.324,2021-06-01 08:21:25.244,113,0.6229424992167546
544,2021-06-01 08:19:25.404,2021-06-01 08:21:25.324,113,0.6230475853776608
545,2021-06-01 08:19:25.484,2021-06-01 08:21:25.404,113,0.6231926740818652
546,2021-06-01 08:19:25.564,2021-06-01 08:21:25.484,113,0.6232603567376471
547,2021-06-01 08:19:25.644,2021-06-01 08:21:25.564,113,0.6236078224207486
548,2021-06-01 08:19:25.724,2021-06-01 08:21:25.644,113,0.6238416631503801
549,2021-06-01 08:19:25.804,2021-06-01 08:21:25.724,113,0.623870305556501
550,2021-06-01 08:19:25.884,2021-06-01 08:21:25.804,113,0.6237723995267697
551,2021-06-01 08:19:25.964,2021-06-01 08:21:25.884,113,0.6235686791424114
552,2021-06-01 08:19:26.044,2021-06-01 08:21:25.964,113,0.6234219883841035
553,2021-06-01 08:19:26.124,2021-06-01 08:21:26.044,114,0.6234730992130972
554,2021-06-01 08:19:26.204,2021-06-01 08:21:26.124,114,0.623768927808328
555,2021-06-01 08:19:26.284,2021-06-01 08:21:26.204,114,0.6240952668393777
556,2021-06-01 08:19:26.364,2021-06-01 08:21:26.284,114,0.6242771547656233
557,2021-06-01 08:19:26.444,2021-06-01 08:21:26.364,114,0.6242508779961895
558,2021-06-01 08:19:26.524,2021-06-01 08:21:26.444,115,0.6243109176889904
559,2021-06-01 08:19:26.604,2021-06-01 08:21:26.524,115,0.6245863592241584
560,2021-06-01 08:19:26.684,2021-06-01 08:21:26.604,115,0.6248053882110953
561,2021-06-01 08:19:26.764,2021-06-01 08:21:26.684,115,0.6249215750175959
562,2021-06-01 08:19:26.844,2021-06-01 08:21:26.764,115,0.6250236098525723
563,2021-06-01 08:19:26.924,2021-06-01 08:21:26.844,115,0.6249840740059549
564,2021-06-01 08:19:27.004,2021-06-01 08:21:26.924,115,0.6248730396214235
565,2021-06-01 08:19:27.084,2021-06-01 08:21:27.004,115,0.6246577531571267
566,2021-06-01 08:19:27.164,2021-06-01 08:21:27.084,116,0.624880962135647
567,2021-06-01 08:19:27.244,2021-06-01 08:21:27.164,116,0.6251981774369265
568,2021-06-01 08:19:27.324,2021-06-01 08:21:27.244,116,0.6254931744248982
569,2021-06-01 08:19:27.404,2021-06-01 08:21:27.324,116,0.6257002039029913
570,2021-06-01 08:19:27.484,2021-06-01 08:21:27.404,115,0.6257285612297159
571,2021-06-01 08:19:27.564,2021-06-01 08:21:27.484,115,0.6259206268478104
572,2021-06-01 08:19:27.644,2021-06-01 08:21:27.564,116,0.6260519969991254
573,2021-06-01 08:19:27.724,2021-06-01 08:21:27.644,116,0.6262156064860719
574,2021-06-01 08:19:27.804,2021-06-01 08:21:27.724,116,0.6264425544844731
575,2021-06-01 08:19:27.884,2021-06-01 08:21:27.804,116,0.6263597836329625
576,2021-06-01 08:19:27.964,2021-06-01 08:21:27.884,116,0.6262927537113933
577,2021-06-01 08:19:28.044,2021-06-01 08:21:27.964,116,0.6262530394751907
578,2021-06-01 08:19:28.124,2021-06-01 08:21:28.044,116,0.6262498192335719
579,2021-06-01 08:19:28.204,2021-06-01 08:21:28.124,117,0.6262819769024706
580,2021-06-01 08:19:28.284,2021-06-01 08:21:28.204,117,0.626380776567271
581,2021-06-01 08:19:28.364,2021-06-01 08:21:28.284,117,0.6265170160349097
582,2021-06-01 08:19:28.444,2021-06-01 08:21:28.364,117,0.6265303179208038
583,2021-06-01 08:19:28.524,2021-06-01 08:21:28.444,117,0.6266636905543356
584,2021-06-01 08:19:28.604,2021-06-01 08:21:28.524,118,0.6268048111096151
585,2021-06-01 08:19:28.684,2021-06-01 08:21:28.604,118,0.6270515577063599
586,2021-06-01 08:19:28.764,2021-06-01 08:21:28.684,118,0.6273020167060281
587,2021-06-01 08:19:28.844,2021-06-01 08:21:28.764,118,0.6273708446581278
588,2021-06-01 08:19:28.924,2021-06-01 08:21:28.844,118,0.6273689200733609
589,2021-06-01 08:19:29.004,2021-06-01 08:21:28.924,118,0.6273174647653106
590,2021-06-01 08:19:29.084,2021-06-01 08:21:29.004,118,0.6272918949526268
591,2021-06-01 08:19:29.164,2021-06-01 08:21:29.084,119,0.627288036885292
592,2021-06-01 08:19:29.244,2021-06-01 08:21:29.164,119,0.6274860658411665
593,2021-06-01 08:19:29.324,2021-06-01 08:21:29.244,119,0.6277121254064788
594,2021-06-01 08:19:29.404,2021-06-01 08:21:29.324,119,0.62777199009145
595,2021-06-01 08:19:29.484,2021-06-01 08:21:29.404,119,0.6279074629823499
596,2021-06-01 08:19:29.564,2021-06-01 08:21:29.484,120,0.6280433222576701
597,2021-06-01 08:19:29.644,2021-06-01 08:21:29.564,120,0.6281700079359176
598,2021-06-01 08:19:29.724,2021-06-01 08:21:29.644,120,0.6282579977381832
599,2021-06-01 08:19:29.804,2021-06-01 08:21:29.724,120,0.6284741373668464
600,2021-06-01 08:19:29.884,2021-06-01 08:21:29.804,120,0.6286093703547954
601,2021-06-01 08:19:29.964,2021-06-01 08:21:29.884,120,0.628545226281829
602,2021-06-01 08:19:30.044,2021-06-01 08:21:29.964,120,0.6285171821422842
603,2021-06-01 08:19:30.124,2021-06-01 08:21:30.044,120,0.6284650040310024
604,2021-06-01 08:19:30.204,2021-06-01 08:21:30.124,120,0.6284272042428348
605,2021-06-01 08:19:30.284,2021-06-01 08:21:30.204,120,0.6284995934732456
606,2021-06-01 08:19:30.364,2021-06-01 08:21:30.284,120,0.6286683317921096
607,2021-06-01 08:19:30.444,2021-06-01 08:21:30.364,120,0.6287043599704484
608,2021-06-01 08:19:30.524,2021-06-01 08:21:30.444,120,0.6287378416732224
609,2021-06-01 08:19:30.604,2021-06-01 08:21:30.524,120,0.6287951395329259
610,2021-06-01 08:19:30.684,2021-06-01 08:21:30.604,120,0.6288961278109582
611,2021-06-01 08:19:30.764,2021-06-01 08:21:30.684,120,0.6291796956171446
612,2021-06-01 08:19:30.844,2021-06-01 08:21:30.764,120,0.6294626625494344
613,2021-06-01 08:19:30.924,2021-06-01 08:21:30.844,120,0.6295647667705675
614,2021-06-01 08:19:31.004,2021-06-01 08:21:30.924,120,0.6295410372278025
615,2021-06-01 08:19:31.084,2021-06-01 08:21:31.004,120,0.6295115138135542
616,2021-06-01 08:19:31.164,2021-06-01 08:21:31.084,120,0.6294167515485469
617,2021-06-01 08:19:31.244,2021-06-01 08:21:31.164,120,0.6292929518754141
618,2021-06-01 08:19:31.324,2021-06-01 08:21:31.244,120,0.6293069758221912
619,2021-06-01 08:19:31.404,2021-06-01 08:21:31.324,120,0.629368531070597
620,2021-06-01 08:19:31.484,2021-06-01 08:21:31.404,120,0.6292745781903458
621,2021-06-01 08:19:31.564,2021-06-01 08:21:31.484,120,0.6291602380349672
622,2021-06-01 08:19:31.644,2021-06-01 08:21:31.564,120,0.6290772839990317
623,2021-06-01 08:19:31.724,2021-06-01 08:21:31.644,120,0.6291830419507284
624,2021-06-01 08:19:31.804,2021-06-01 08:21:31.724,121,0.6293550458158365
625,2021-06-01 08:19:31.884,2021-06-01 08:21:31.804,120,0.6295593404353135
626,2021-06-01 08:19:31.964,2021-06-01 08:21:31.884,120,0.6297946872372155
627,2021-06-01 08:19:32.044,2021-06-01 08:21:31.964,120,0.6298643595974224
628,2021-06-01 08:19:32.124,2021-06-01 08:21:32.044,120,0.6298971851863014
629,2021-06-01 08:19:32.204,2021-06-01 08:21:32.124,120,0.6297625290078159
630,2021-06-01 08:19:32.284,2021-06-01 08:21:32.204,121,0.6298175174861291
631,2021-06-01 08:19:32.364,2021-06-01 08:21:32.284,120,0.6300538417044036
632,2021-06-01 08:19:32.444,2021-06-01 08:21:32.364,120,0.6301974479869006
633,2021-06-01 08:19:32.524,2021-06-01 08:21:32.444,120,0.6303292856042034
634,2021-06-01 08:19:32.604,2021-06-01 08:21:32.524,121,0.6304846686691437
635,2021-06-01 08:19:32.684,2021-06-01 08:21:32.604,121,0.6306909887584483
636,2021-06-01 08:19:32.764,2021-06-01 08:21:32.684,121,0.6308167501895091
637,2021-06-01 08:19:32.844,2021-06-01 08:21:32.764,120,0.6309662693834156
638,2021-06-01 08:19:32.924,2021-06-01 08:21:32.844,120,0.6311872948420378
639,2021-06-01 08:19:33.004,2021-06-01 08:21:32.924,120,0.6313402905650847
640,2021-06-01 08:19:33.084,2021-06-01 08:21:33.004,120,0.6314209035304326
641,2021-06-01 08:19:33.164,2021-06-01 08:21:33.084,120,0.6313898851270804
642,2021-06-01 08:19:33.244,2021-06-01 08:21:33.164,120,0.6312925822325101
643,2021-06-01 08:19:33.324,2021-06-01 08:21:33.244,119,0.6311714452151008
644,2021-06-01 08:19:33.404,2021-06-01 08:21:33.324,119,0.6313724656169813
645,2021-06-01 08:19:33.484,2021-06-01 08:21:33.404,119,0.6316352729147586
646,2021-06-01 08:19:33.564,2021-06-01 08:21:33.484,119,0.6317332512912611
647,2021-06-01 08:19:33.644,2021-06-01 08:21:33.564,119,0.6318798901871133
648,2021-06-01 08:19:33.724,2021-06-01 08:21:33.644,119,0.6319912430189959
649,2021-06-01 08:19:33.804,2021-06-01 08:21:33.724,119,0.6321510320026396
650,2021-06-01 08:19:33.884,2021-06-01 08:21:33.804,118,0.6322202925922775
651,2021-06-01 08:19:33.964,2021-06-01 08:21:33.884,118,0.6324226092681291
652,2021-06-01 08:19:34.044,2021-06-01 08:21:33.964,118,0.6326234505399699
653,2021-06-01 08:19:34.124,2021-06-01 08:21:34.044,118,0.6326746265674282
654,2021-06-01 08:19:34.204,2021-06-01 08:21:34.124,118,0.6327410484163648
655,2021-06-01 08:19:34.284,2021-06-01 08:21:34.204,118,0.6327325375188151
656,2021-06-01 08:19:34.364,2021-06-01 08:21:34.284,118,0.632759352006556
657,2021-06-01 08:19:34.444,2021-06-01 08:21:34.364,117,0.632983565655732
658,2021-06-01 08:19:34.524,2021-06-01 08:21:34.444,117,0.6331003979522356
659,2021-06-01 08:19:34.604,2021-06-01 08:21:34.524,117,0.6331566916862534
660,2021-06-01 08:19:34.684,2021-06-01 08:21:34.604,117,0.6333167952841382
661,2021-06-01 08:19:34.764,2021-06-01 08:21:34.684,117,0.6334617839538863
662,2021-06-01 08:19:34.844,2021-06-01 08:21:34.764,117,0.633656887766786
663,2021-06-01 08:19:34.924,2021-06-01 08:21:34.844,116,0.6337915773297518
664,2021-06-01 08:19:35.004,2021-06-01 08:21:34.924,116,0.6339890781095812
665,2021-06-01 08:19:35.084,2021-06-01 08:21:35.004,116,0.634084939740789
666,2021-06-01 08:19:35.164,2021-06-01 08:21:35.084,116,0.6341238114224507
667,2021-06-01 08:19:35.244,2021-06-01 08:21:35.164,116,0.6341495094588183
668,2021-06-01 08:19:35.324,2021-06-01 08:21:35.244,116,0.6340988028151229
669,2021-06-01 08:19:35.404,2021-06-01 08:21:35.324,116,0.6340678719186542
670,2021-06-01 08:19:35.484,2021-06-01 08:21:35.404,115,0.6341520618828175
671,2021-06-01 08:19:35.564,2021-06-01 08:21:35.484,115,0.6343541633630748
672,2021-06-01 08:19:35.644,2021-06-01 08:21:35.564,115,0.634468440779857
673,2021-06-01 08:19:35.724,2021-06-01 08:21:35.644,115,0.6345847721779363
674,2021-06-01 08:19:35.804,2021-06-01 08:21:35.724,115,0.6347312756881804
675,2021-06-01 08:19:35.884,2021-06-01 08:21:35.804,115,0.6348458173086751
676,2021-06-01 08:19:35.964,2021-06-01 08:21:35.884,115,0.6349524033111466
677,2021-06-01 08:19:36.044,2021-06-01 08:21:35.964,114,0.6350884914004102
678,2021-06-01 08:19:36.124,2021-06-01 08:21:36.044,114,0.6352632464219496
679,2021-06-01 08:19:36.204,2021-06-01 08:21:36.124,114,0.6352906112048943
680,2021-06-01 08:19:36.284,2021-06-01 08:21:36.204,114,0.6353060148068841
681,2021-06-01 08:19:36.364,2021-06-01 08:21:36.284,114,0.6353146922259477
682,2021-06-01 08:19:36.444,2021-06-01 08:21:36.364,115,0.6353226300589968
683,2021-06-01 08:19:36.524,2021-06-01 08:21:36.444,115,0.6354667314522219
684,2021-06-01 08:19:36.604,2021-06-01 08:21:36.524,114,0.6355460739270051
685,2021-06-01 08:19:36.684,2021-06-01 08:21:36.604,114,0.6356354147311666
686,2021-06-01 08:19:36.764,2021-06-01 08:21:36.684,114,0.6358091586717436
687,2021-06-01 08:19:36.844,2021-06-01 08:21:36.764,114,0.6359693899145951
688,2021-06-01 08:19:36.924,2021-06-01 08:21:36.844,114,0.636140767243642
689,2021-06-01 08:19:37.004,2021-06-01 08:21:36.924,113,0.6362635553695039
690,2021-06-01 08:19:37.084,2021-06-01 08:21:37.004,113,0.6364519504444308
691,2021-06-01 08:19:37.164,2021-06-01 08:21:37.084,113,0.6366172831141068
692,2021-06-01 08:19:37.244,2021-06-01 08:21:37.164,113,0.6366921479141574
693,2021-06-01 08:19:37.324,2021-06-01 08:21:37.244,113,0.6366877478689986
694,2021-06-01 08:19:37.404,2021-06-01 08:21:37.324,113,0.636600066792462
695,2021-06-01 08:19:37.484,2021-06-01 08:21:37.404,113,0.6365007669895827
696,2021-06-01 08:19:37.564,2021-06-01 08:21:37.484,112,0.6366495124693364
697,2021-06-01 08:19:37.644,2021-06-01 08:21:37.564,112,0.6369962905091288
698,2021-06-01 08:19:37.724,2021-06-01 08:21:37.644,112,0.637098850568979
699,2021-06-01 08:19:37.804,2021-06-01 08:21:37.724,112,0.6371798736545871
700,2021-06-01 08:19:37.884,2021-06-01 08:21:37.804,112,0.6373264079601804
701,2021-06-01 08:19:37.964,2021-06-01 08:21:37.884,112,0.6375344417597858
702,2021-06-01 08:19:38.044,2021-06-01 08:21:37.964,112,0.6376630601170292
703,2021-06-01 08:19:38.124,2021-06-01 08:21:38.044,111,0.6377832735002734
704,2021-06-01 08:19:38.204,2021-06-01 08:21:38.124,111,0.6377181135670017
705,2021-06-01 08:19:38.284,2021-06-01 08:21:38.204,111,0.6376870604339936
706,2021-06-01 08:19:38.364,2021-06-01 08:21:38.284,111,0.6376249515776472
707,2021-06-01 08:19:38.444,2021-06-01 08:21:38.364,111,0.6376509667297654
708,2021-06-01 08:19:38.524,2021-06-01 08:21:38.444,112,0.6378351961642125
709,2021-06-01 08:19:38.604,2021-06-01 08:21:38.524,112,0.6382603530836464
710,2021-06-01 08:19:38.684,2021-06-01 08:21:38.604,111,0.6382432331598151
711,2021-06-01 08:19:38.764,2021-06-01 08:21:38.684,111,0.6381312749375306
712,2021-06-01 08:19:38.844,2021-06-01 08:21:38.764,111,0.6382634452859526
713,2021-06-01 08:19:38.924,2021-06-01 08:21:38.844,111,0.6383659021254117
714,2021-06-01 08:19:39.004,2021-06-01 08:21:38.924,111,0.6385827171241459
715,2021-06-01 08:19:39.084,2021-06-01 08:21:39.004,111,0.6386895048400688
716,2021-06-01 08:19:39.164,2021-06-01 08:21:39.084,110,0.6387775267272865
717,2021-06-01 08:19:39.244,2021-06-01 08:21:39.164,110,0.6388514632416967
718,2021-06-01 08:19:39.324,2021-06-01 08:21:39.244,110,0.6389002194461422
719,2021-06-01 08:19:39.404,2021-06-01 08:21:39.324,110,0.6389022334487702
720,2021-06-01 08:19:39.484,2021-06-01 08:21:39.404,110,0.6388091905160398
721,2021-06-01 08:19:39.564,2021-06-01 08:21:39.484,110,0.6387393326773467
722,2021-06-01 08:19:39.644,2021-06-01 08:21:39.564,109,0.6387572251292739
723,2021-06-01 08:19:39.724,2021-06-01 08:21:39.644,109,0.6390481618774608
724,2021-06-01 08:19:39.804,2021-06-01 08:21:39.724,109,0.6391973573103921
725,2021-06-01 08:19:39.884,2021-06-01 08:21:39.804,109,0.6392194125335526
726,2021-06-01 08:19:39.964,2021-06-01 08:21:39.884,109,0.6393466691328381
727,2021-06-01 08:19:40.044,2021-06-01 08:21:39.964,109,0.6394748084244996
728,2021-06-01 08:19:40.124,2021-06-01 08:21:40.044,109,0.6396534891383125
729,2021-06-01 08:19:40.204,2021-06-01 08:21:40.124,108,0.6398094543633087
730,2021-06-01 08:19:40.284,2021-06-01 08:21:40.204,108,0.6398143193302319
731,2021-06-01 08:19:40.364,2021-06-01 08:21:40.284,108,0.6398259898634499
732,2021-06-01 08:19:40.444,2021-06-01 08:21:40.364,108,0.639831791545104
733,2021-06-01 08:19:40.524,2021-06-01 08:21:40.444,108,0.6398434068459661
734,2021-06-01 08:19:40.604,2021-06-01 08:21:40.524,108,0.6398298065144329
735,2021-06-01 08:19:40.684,2021-06-01 08:21:40.604,108,0.640003337603629
736,2021-06-01 08:19:40.764,2021-06-01 08:21:40.684,107,0.6401630730947507
737,2021-06-01 08:19:40.844,2021-06-01 08:21:40.764,107,0.6402649754388342
738,2021-06-01 08:19:40.924,2021-06-01 08:21:40.844,107,0.6403913249545574
739,2021-06-01 08:19:41.004,2021-06-01 08:21:40.924,107,0.640550632511504
740,2021-06-01 08:19:41.084,2021-06-01 08:21:41.004,107,0.6407115206300098
741,2021-06-01 08:19:41.164,2021-06-01 08:21:41.084,108,0.6408238537278276
742,2021-06-01 08:19:41.244,2021-06-01 08:21:41.164,107,0.6410129270274015
743,2021-06-01 08:19:41.324,2021-06-01 08:21:41.244,107,0.641177563360136
744,2021-06-01 08:19:41.404,2021-06-01 08:21:41.324,107,0.6412431971606882
745,2021-06-01 08:19:41.484,2021-06-01 08:21:41.404,107,0.6413325377654244
746,2021-06-01 08:19:41.564,2021-06-01 08:21:41.484,107,0.6413408557442621
747,2021-06-01 08:19:41.644,2021-06-01 08:21:41.564,107,0.6412973131946875
748,2021-06-01 08:19:41.724,2021-06-01 08:21:41.644,107,0.6412410965728581
749,2021-06-01 08:19:41.804,2021-06-01 08:21:41.724,107,0.6414328214652643
750,2021-06-01 08:19:41.884,2021-06-01 08:21:41.804,107,0.6416627411919665
751,2021-06-01 08:19:41.964,2021-06-01 08:21:41.884,107,0.6417602788399734
752,2021-06-01 08:19:42.044,2021-06-01 08:21:41.964,107,0.6418673327152102
753,2021-06-01 08:19:42.124,2021-06-01 08:21:42.044,107,0.6420880328053034
754,2021-06-01 08:19:42.204,2021-06-01 08:21:42.124,108,0.6423401712649918
755,2021-06-01 08:19:42.284,2021-06-01 08:21:42.204,108,0.6425870166766158
756,2021-06-01 08:19:42.364,2021-06-01 08:21:42.284,107,0.6426765009201727
757,2021-06-01 08:19:42.444,2021-06-01 08:21:42.364,107,0.6426585308193019
758,2021-06-01 08:19:42.524,2021-06-01 08:21:42.444,107,0.6426591290348053
759,2021-06-01 08:19:42.604,2021-06-01 08:21:42.524,107,0.6426243759155196
760,2021-06-01 08:19:42.684,2021-06-01 08:21:42.604,107,0.6426198446382824
761,2021-06-01 08:19:42.764,2021-06-01 08:21:42.684,107,0.642678661916333
762,2021-06-01 08:19:42.844,2021-06-01 08:21:42.764,107,0.6429800833943762
763,2021-06-01 08:19:42.924,2021-06-01 08:21:42.844,107,0.6431297012100253
764,2021-06-01 08:19:43.004,2021-06-01 08:21:42.924,107,0.6431845857471005
765,2021-06-01 08:19:43.084,2021-06-01 08:21:43.004,107,0.6433141838731606
766,2021-06-01 08:19:43.164,2021-06-01 08:21:43.084,107,0.6434242298733056
767,2021-06-01 08:19:43.244,2021-06-01 08:21:43.164,107,0.643574448641614
768,2021-06-01 08:19:43.324,2021-06-01 08:21:43.244,108,0.6437750977920443
769,2021-06-01 08:19:43.404,2021-06-01 08:21:43.324,107,0.6439800223104075
770,2021-06-01 08:19:43.484,2021-06-01 08:21:43.404,107,0.6440776738150268
771,2021-06-01 08:19:43.564,2021-06-01 08:21:43.484,107,0.6441086535207932
772,2021-06-01 08:19:43.644,2021-06-01 08:21:43.564,107,0.6440879744514129
773,2021-06-01 08:19:43.724,2021-06-01 08:21:43.644,107,0.6440077880124051
774,2021-06-01 08:19:43.804,2021-06-01 08:21:43.724,107,0.6439006903514035
775,2021-06-01 08:19:43.884,2021-06-01 08:21:43.804,107,0.644078021733788
776,2021-06-01 08:19:43.964,2021-06-01 08:21:43.884,107,0.6444284921635944
777,2021-06-01 08:19:44.044,2021-06-01 08:21:43.964,107,0.6444411338714104
778,2021-06-01 08:19:44.124,2021-06-01 08:21:44.044,107,0.6445554512902485
779,2021-06-01 08:19:44.204,2021-06-01 08:21:44.124,107,0.6448013563772603
780,2021-06-01 08:19:44.284,2021-06-01 08:21:44.204,108,0.644992329849123
781,2021-06-01 08:19:44.364,2021-06-01 08:21:44.284,108,0.6452652364193985
782,2021-06-01 08:19:44.444,2021-06-01 08:21:44.364,107,0.6454800741554945
783,2021-06-01 08:19:44.524,2021-06-01 08:21:44.444,107,0.6454780663591057
784,2021-06-01 08:19:44.604,2021-06-01 08:21:44.524,107,0.6454941202621004
785,2021-06-01 08:19:44.684,2021-06-01 08:21:44.604,107,0.6454287348947098
786,2021-06-01 08:19:44.764,2021-06-01 08:21:44.684,107,0.6453061289089989
787,2021-06-01 08:19:44.844,2021-06-01 08:21:44.764,108,0.6452294859428116
788,2021-06-01 08:19:44.924,2021-06-01 08:21:44.844,107,0.6455371742768345
789,2021-06-01 08:19:45.004,2021-06-01 08:21:44.924,107,0.6457440059278613
790,2021-06-01 08:19:45.084,2021-06-01 08:21:45.004,107,0.6457511692371644
791,2021-06-01 08:19:45.164,2021-06-01 08:21:45.084,107,0.6458938325758204
792,2021-06-01 08:19:45.244,2021-06-01 08:21:45.164,108,0.6460595978866249
793,2021-06-01 08:19:45.324,2021-06-01 08:21:45.244,108,0.646288043240836
794,2021-06-01 08:19:45.404,2021-06-01 08:21:45.324,107,0.6464181739057849
795,2021-06-01 08:19:45.484,2021-06-01 08:21:45.404,107,0.6465284713454432
796,2021-06-01 08:19:45.564,2021-06-01 08:21:45.484,107,0.6465685407169488
797,2021-06-01 08:19:45.644,2021-06-01 08:21:45.564,107,0.6465975517274446
798,2021-06-01 08:19:45.724,2021-06-01 08:21:45.644,107,0.6466660080803116
799,2021-06-01 08:19:45.804,2021-06-01 08:21:45.724,107,0.6466552913223069
800,2021-06-01 08:19:45.884,2021-06-01 08:21:45.804,107,0.6465926621515563
801,2021-06-01 08:19:45.964,2021-06-01 08:21:45.884,107,0.6465617832358962
802,2021-06-01 08:19:46.044,2021-06-01 08:21:45.964,107,0.6467888710839594
803,2021-06-01 08:19:46.124,2021-06-01 08:21:46.044,107,0.6468380561777529
804,2021-06-01 08:19:46.204,2021-06-01 08:21:46.124,107,0.646886657536443
805,2021-06-01 08:19:46.284,2021-06-01 08:21:46.204,107,0.6470021390366675
806,2021-06-01 08:19:46.364,2021-06-01 08:21:46.284,107,0.6471579920189249
807,2021-06-01 08:19:46.444,2021-06-01 08:21:46.364,108,0.6472690577527239
808,2021-06-01 08:19:46.524,2021-06-01 08:21:46.444,107,0.6473901450117142
809,2021-06-01 08:19:46.604,2021-06-01 08:21:46.524,107,0.6474466725712633
810,2021-06-01 08:19:46.684,2021-06-01 08:21:46.604,107,0.6474238301894732
811,2021-06-01 08:19:46.764,2021-06-01 08:21:46.684,107,0.6473351132473053
812,2021-06-01 08:19:46.844,2021-06-01 08:21:46.764,107,0.6471133900878318
813,2021-06-01 08:19:46.924,2021-06-01 08:21:46.844,107,0.6470308009712031
814,2021-06-01 08:19:47.004,2021-06-01 08:21:46.924,107,0.6472834059435935
815,2021-06-01 08:19:47.084,2021-06-01 08:21:47.004,107,0.6476298464636957
816,2021-06-01 08:19:47.164,2021-06-01 08:21:47.084,107,0.6476951281535273
817,2021-06-01 08:19:47.244,2021-06-01 08:21:47.164,107,0.6476774483490583
818,2021-06-01 08:19:47.324,2021-06-01 08:21:47.244,107,0.647697948574642
819,2021-06-01 08:19:47.404,2021-06-01 08:21:47.324,108,0.6477248608355305
820,2021-06-01 08:19:47.484,2021-06-01 08:21:47.404,107,0.6479102721888916
821,2021-06-01 08:19:47.564,2021-06-01 08:21:47.484,107,0.6480498670070899
822,2021-06-01 08:19:47.644,2021-06-01 08:21:47.564,107,0.6481735675991824
823,2021-06-01 08:19:47.724,2021-06-01 08:21:47.644,107,0.6482345775407335
824,2021-06-01 08:19:47.804,2021-06-01 08:21:47.724,107,0.6481537706133039
825,2021-06-01 08:19:47.884,2021-06-01 08:21:47.804,107,0.647967042280735
826,2021-06-01 08:19:47.964,2021-06-01 08:21:47.884,108,0.6480241606730852
827,2021-06-01 08:19:48.044,2021-06-01 08:21:47.964,107,0.6482779416225534
828,2021-06-01 08:19:48.124,2021-06-01 08:21:48.044,107,0.64829841212078
829,2021-06-01 08:19:48.204,2021-06-01 08:21:48.124,107,0.6481729119394731
830,2021-06-01 08:19:48.284,2021-06-01 08:21:48.204,107,0.6481735762571665
831,2021-06-01 08:19:48.364,2021-06-01 08:21:48.284,107,0.6481522946341478
832,2021-06-01 08:19:48.444,2021-06-01 08:21:48.364,108,0.6482579684514879
833,2021-06-01 08:19:48.524,2021-06-01 08:21:48.444,108,0.6484934981313232
834,2021-06-01 08:19:48.604,2021-06-01 08:21:48.524,107,0.6482869651975838
835,2021-06-01 08:19:48.684,2021-06-01 08:21:48.604,107,0.6480882724438294
836,2021-06-01 08:19:48.764,2021-06-01 08:21:48.684,107,0.6481088222468656
837,2021-06-01 08:19:48.844,2021-06-01 08:21:48.764,107,0.6479047453232711
838,2021-06-01 08:19:48.924,2021-06-01 08:21:48.844,106,0.6475805944127123
839,2021-06-01 08:19:49.004,2021-06-01 08:21:48.924,106,0.6473261246069609
840,2021-06-01 08:19:49.084,2021-06-01 08:21:49.004,106,0.6472101019751568
841,2021-06-01 08:19:49.164,2021-06-01 08:21:49.084,107,0.6473655662283966
842,2021-06-01 08:19:49.244,2021-06-01 08:21:49.164,107,0.6475818038141867
843,2021-06-01 08:19:49.324,2021-06-01 08:21:49.244,107,0.6476001995351335
844,2021-06-01 08:19:49.404,2021-06-01 08:21:49.324,107,0.6475374801549646
845,2021-06-01 08:19:49.484,2021-06-01 08:21:49.404,107,0.6475103431452509
846,2021-06-01 08:19:49.564,2021-06-01 08:21:49.484,107,0.6475726265096543
847,2021-06-01 08:19:49.644,2021-06-01 08:21:49.564,108,0.6476308181183404
848,2021-06-01 08:19:49.724,2021-06-01 08:21:49.644,108,0.6477249530969185
849,2021-06-01 08:19:49.804,2021-06-01 08:21:49.724,108,0.6479673211507803
850,2021-06-01 08:19:49.884,2021-06-01 08:21:49.804,108,0.6478917614771972
851,2021-06-01 08:19:49.964,2021-06-01 08:21:49.884,108,0.6477404669817732
852,2021-06-01 08:19:50.044,2021-06-01 08:21:49.964,108,0.6474327072475806
853,2021-06-01 08:19:50.124,2021-06-01 08:21:50.044,108,0.6471827439341952
854,2021-06-01 08:19:50.204,2021-06-01 08:21:50.124,109,0.647252202018676
855,2021-06-01 08:19:50.284,2021-06-01 08:21:50.204,109,0.6474661333506331
856,2021-06-01 08:19:50.364,2021-06-01 08:21:50.284,109,0.6474675748967943
857,2021-06-01 08:19:50.444,2021-06-01 08:21:50.364,109,0.6474787873401542
858,2021-06-01 08:19:50.524,2021-06-01 08:21:50.444,109,0.6475518026143896
859,2021-06-01 08:19:50.604,2021-06-01 08:21:50.524,108,0.6476256326277545
860,2021-06-01 08:19:50.684,2021-06-01 08:21:50.604,108,0.6477801518393558
861,2021-06-01 08:19:50.764,2021-06-01 08:21:50.684,109,0.6481814708638934
862,2021-06-01 08:19:50.844,2021-06-01 08:21:50.764,109,0.6485518803062452
863,2021-06-01 08:19:50.924,2021-06-01 08:21:50.844,109,0.6486420901510221
864,2021-06-01 08:19:51.004,2021-06-01 08:21:50.924,109,0.6486482316967713
865,2021-06-01 08:19:51.084,2021-06-01 08:21:51.004,109,0.6484661754564568
866,2021-06-01 08:19:51.164,2021-06-01 08:21:51.084,109,0.6481910531640163
867,2021-06-01 08:19:51.244,2021-06-01 08:21:51.164,109,0.6481375287311333
868,2021-06-01 08:19:51.324,2021-06-01 08:21:51.244,109,0.6484369492078809
869,2021-06-01 08:19:51.404,2021-06-01 08:21:51.324,109,0.6487081092274524
870,2021-06-01 08:19:51.484,2021-06-01 08:21:51.404,109,0.6486221260799898
871,2021-06-01 08:19:51.564,2021-06-01 08:21:51.484,108,0.6484277141522222
872,2021-06-01 08:19:51.644,2021-06-01 08:21:51.564,108,0.6483509718281129
873,2021-06-01 08:19:51.724,2021-06-01 08:21:51.644,108,0.6484068751435629
874,2021-06-01 08:19:51.804,2021-06-01 08:21:51.724,109,0.6486933072854253
875,2021-06-01 08:19:51.884,2021-06-01 08:21:51.804,109,0.6490674255792986
876,2021-06-01 08:19:51.964,2021-06-01 08:21:51.884,109,0.6491521618469592
877,2021-06-01 08:19:52.044,2021-06-01 08:21:51.964,108,0.6489564528636065
878,2021-06-01 08:19:52.124,2021-06-01 08:21:52.044,108,0.6487236526560736
879,2021-06-01 08:19:52.204,2021-06-01 08:21:52.124,108,0.6486414967516273
880,2021-06-01 08:19:52.284,2021-06-01 08:21:52.204,109,0.6486821258845835
881,2021-06-01 08:19:52.364,2021-06-01 08:21:52.284,109,0.6491124879011312
882,2021-06-01 08:19:52.444,2021-06-01 08:21:52.364,109,0.6492507741203327
883,2021-06-01 08:19:52.524,2021-06-01 08:21:52.444,109,0.6491052590580455
884,2021-06-01 08:19:52.604,2021-06-01 08:21:52.524,109,0.6489102098355414
885,2021-06-01 08:19:52.684,2021-06-01 08:21:52.604,109,0.6488083976564587
886,2021-06-01 08:19:52.764,2021-06-01 08:21:52.684,109,0.6490843313849709
887,2021-06-01 08:19:52.844,2021-06-01 08:21:52.764,110,0.6494420429639411
888,2021-06-01 08:19:52.924,2021-06-01 08:21:52.844,110,0.6498547744991074
889,2021-06-01 08:19:53.004,2021-06-01 08:21:52.924,110,0.649982052096966
890,2021-06-01 08:19:53.084,2021-06-01 08:21:53.004,110,0.6498517555323323
891,2021-06-01 08:19:53.164,2021-06-01 08:21:53.084,110,0.6497886973927912
892,2021-06-01 08:19:53.244,2021-06-01 08:21:53.164,110,0.6495982973034174
893,2021-06-01 08:19:53.324,2021-06-01 08:21:53.244,110,0.6495464592274784
894,2021-06-01 08:19:53.404,2021-06-01 08:21:53.324,111,0.6498264563261015
895,2021-06-01 08:19:53.484,2021-06-01 08:21:53.404,111,0.6501907723497474
896,2021-06-01 08:19:53.564,2021-06-01 08:21:53.484,111,0.650194537614167
897,2021-06-01 08:19:53.644,2021-06-01 08:21:53.564,111,0.6500390055830695
898,2021-06-01 08:19:53.724,2021-06-01 08:21:53.644,111,0.6501534085162404
899,2021-06-01 08:19:53.804,2021-06-01 08:21:53.724,111,0.6504225627328709
900,2021-06-01 08:19:53.884,2021-06-01 08:21:53.804,112,0.6506172349195193
901,2021-06-01 08:19:53.964,2021-06-01 08:21:53.884,112,0.650888205460514
902,2021-06-01 08:19:54.044,2021-06-01 08:21:53.964,112,0.6510198158993007
903,2021-06-01 08:19:54.124,2021-06-01 08:21:54.044,112,0.6509649723471846
904,2021-06-01 08:19:54.204,2021-06-01 08:21:54.124,112,0.6505875938757296
905,2021-06-01 08:19:54.284,2021-06-01 08:21:54.204,112,0.6502324601272483
906,2021-06-01 08:19:54.364,2021-06-01 08:21:54.284,112,0.6501002125402617
907,2021-06-01 08:19:54.444,2021-06-01 08:21:54.364,113,0.6500730859723579
908,2021-06-01 08:19:54.524,2021-06-01 08:21:54.444,113,0.6503473115417878
909,2021-06-01 08:19:54.604,2021-06-01 08:21:54.524,113,0.6505610221216269
910,2021-06-01 08:19:54.684,2021-06-01 08:21:54.604,113,0.6506514352218833
911,2021-06-01 08:19:54.764,2021-06-01 08:21:54.684,113,0.6504598118138508
912,2021-06-01 08:19:54.844,2021-06-01 08:21:54.764,113,0.6502763414249444
913,2021-06-01 08:19:54.924,2021-06-01 08:21:54.844,113,0.65043511410803
914,2021-06-01 08:19:55.004,2021-06-01 08:21:54.924,113,0.6504993379514676
915,2021-06-01 08:19:55.084,2021-06-01 08:21:55.004,113,0.6506153637173625
916,2021-06-01 08:19:55.164,2021-06-01 08:21:55.084,113,0.650552490865334
917,2021-06-01 08:19:55.244,2021-06-01 08:21:55.164,113,0.6503601082189548
918,2021-06-01 08:19:55.324,2021-06-01 08:21:55.244,112,0.6501408110746948
919,2021-06-01 08:19:55.404,2021-06-01 08:21:55.324,112,0.6500062313485375
920,2021-06-01 08:19:55.484,2021-06-01 08:21:55.404,112,0.6499844619516941
921,2021-06-01 08:19:55.564,2021-06-01 08:21:55.484,112,0.6500088997492532
922,2021-06-01 08:19:55.644,2021-06-01 08:21:55.564,112,0.6502248801442515
923,2021-06-01 08:19:55.724,2021-06-01 08:21:55.644,112,0.6504014088091041
924,2021-06-01 08:19:55.804,2021-06-01 08:21:55.724,112,0.6502763731758695
925,2021-06-01 08:19:55.884,2021-06-01 08:21:55.804,111,0.6500450052677179
926,2021-06-01 08:19:55.964,2021-06-01 08:21:55.884,111,0.6502240802201182
927,2021-06-01 08:19:56.044,2021-06-01 08:21:55.964,111,0.6502877849251882
928,2021-06-01 08:19:56.124,2021-06-01 08:21:56.044,111,0.650286784284843
929,2021-06-01 08:19:56.204,2021-06-01 08:21:56.124,110,0.650185250188279
930,2021-06-01 08:19:56.284,2021-06-01 08:21:56.204,110,0.6499827405985292
931,2021-06-01 08:19:56.364,2021-06-01 08:21:56.284,110,0.6498522475924877
932,2021-06-01 08:19:56.444,2021-06-01 08:21:56.364,110,0.6498453397523741
933,2021-06-01 08:19:56.524,2021-06-01 08:21:56.444,110,0.6498498665573349
934,2021-06-01 08:19:56.604,2021-06-01 08:21:56.524,110,0.6499363253480027
935,2021-06-01 08:19:56.684,2021-06-01 08:21:56.604,110,0.6501285624286676
936,2021-06-01 08:19:56.764,2021-06-01 08:21:56.684,110,0.6501780276994732
937,2021-06-01 08:19:56.844,2021-06-01 08:21:56.764,109,0.6499445058685441
938,2021-06-01 08:19:56.924,2021-06-01 08:21:56.844,109,0.649921449853841
939,2021-06-01 08:19:57.004,2021-06-01 08:21:56.924,109,0.6499602321922627
940,2021-06-01 08:19:57.084,2021-06-01 08:21:57.004,109,0.6499805927078874
941,2021-06-01 08:19:57.164,2021-06-01 08:21:57.084,109,0.6499836254883951
942,2021-06-01 08:19:57.244,2021-06-01 08:21:57.164,109,0.6499712413290666
943,2021-06-01 08:19:57.324,2021-06-01 08:21:57.244,109,0.6498217151466896
944,2021-06-01 08:19:57.404,2021-06-01 08:21:57.324,109,0.6495888720469766
945,2021-06-01 08:19:57.484,2021-06-01 08:21:57.404,109,0.6495182753143962
946,2021-06-01 08:19:57.564,2021-06-01 08:21:57.484,109,0.6494177895124845
947,2021-06-01 08:19:57.644,2021-06-01 08:21:57.564,109,0.6494024770049828
948,2021-06-01 08:19:57.724,2021-06-01 08:21:57.644,109,0.6495793295226585
949,2021-06-01 08:19:57.804,2021-06-01 08:21:57.724,109,0.6497437753987625
950,2021-06-01 08:19:57.884,2021-06-01 08:21:57.804,109,0.6496222221115394
951,2021-06-01 08:19:57.964,2021-06-01 08:21:57.884,109,0.6494849282855231
952,2021-06-01 08:19:58.044,2021-06-01 08:21:57.964,109,0.6493885249787114
953,2021-06-01 08:19:58.124,2021-06-01 08:21:58.044,109,0.6493809405045491
954,2021-06-01 08:19:58.204,2021-06-01 08:21:58.124,109,0.6493836920981526
955,2021-06-01 08:19:58.284,2021-06-01 08:21:58.204,109,0.6493690050343023
956,2021-06-01 08:19:58.364,2021-06-01 08:21:58.284,109,0.649282252474812
957,2021-06-01 08:19:58.444,2021-06-01 08:21:58.364,109,0.6491697433270712
958,2021-06-01 08:19:58.524,2021-06-01 08:21:58.444,109,0.6491106534930756
959,2021-06-01 08:19:58.604,2021-06-01 08:21:58.524,109,0.649049606214078
960,2021-06-01 08:19:58.684,2021-06-01 08:21:58.604,109,0.6490846352393197
961,2021-06-01 08:19:58.764,2021-06-01 08:21:58.684,109,0.6491900339852854
962,2021-06-01 08:19:58.844,2021-06-01 08:21:58.764,109,0.6491530310652195
963,2021-06-01 08:19:58.924,2021-06-01 08:21:58.844,109,0.6489519266364329
964,2021-06-01 08:19:59.004,2021-06-01 08:21:58.924,109,0.6488494862511466
965,2021-06-01 08:19:59.084,2021-06-01 08:21:59.004,109,0.6487388951064664
966,2021-06-01 08:19:59.164,2021-06-01 08:21:59.084,109,0.64859921130549
967,2021-06-01 08:19:59.244,2021-06-01 08:21:59.164,108,0.6483888809290502
968,2021-06-01 08:19:59.324,2021-06-01 08:21:59.244,108,0.6482427703742596
969,2021-06-01 08:19:59.404,2021-06-01 08:21:59.324,108,0.6480609100205484
970,2021-06-01 08:19:59.484,2021-06-01 08:21:59.404,108,0.6479294350160042
971,2021-06-01 08:19:59.564,2021-06-01 08:21:59.484,108,0.6479051791416073
972,2021-06-01 08:19:59.644,2021-06-01 08:21:59.564,108,0.6478831773686025
973,2021-06-01 08:19:59.724,2021-06-01 08:21:59.644,108,0.6479182184489396
974,2021-06-01 08:19:59.804,2021-06-01 08:21:59.724,108,0.6480222275134054
975,2021-06-01 08:19:59.884,2021-06-01 08:21:59.804,108,0.6479891448802018
976,2021-06-01 08:19:59.964,2021-06-01 08:21:59.884,108,0.6477591237720468
977,2021-06-01 08:20:00.044,2021-06-01 08:21:59.964,108,0.6476651127335691
978,2021-06-01 08:20:00.124,2021-06-01 08:22:00.044,108,0.6475784748429397
979,2021-06-01 08:20:00.204,2021-06-01 08:22:00.124,108,0.6474994224286272
980,2021-06-01 08:20:00.284,2021-06-01 08:22:00.204,108,0.6473270788931857
981,2021-06-01 08:20:00.364,2021-06-01 08:22:00.284,108,0.6471193072816852
982,2021-06-01 08:20:00.444,2021-06-01 08:22:00.364,108,0.6469300155326416
983,2021-06-01 08:20:00.524,2021-06-01 08:22:00.444,108,0.6468553001005067
984,2021-06-01 08:20:00.604,2021-06-01 08:22:00.524,108,0.6468475286977883
985,2021-06-01 08:20:00.684,2021-06-01 08:22:00.604,108,0.6468943219916853
986,2021-06-01 08:20:00.764,2021-06-01 08:22:00.684,108,0.6469520061350046
987,2021-06-01 08:20:00.844,2021-06-01 08:22:00.764,108,0.6470595569020813
988,2021-06-01 08:20:00.924,2021-06-01 08:22:00.844,108,0.6468396932123445
989,2021-06-01 08:20:01.004,2021-06-01 08:22:00.924,108,0.6465682887889366
990,2021-06-01 08:20:01.084,2021-06-01 08:22:01.004,108,0.6464626860499489
991,2021-06-01 08:20:01.164,2021-06-01 08:22:01.084,108,0.6463650148806411
992,2021-06-01 08:20:01.244,2021-06-01 08:22:01.164,108,0.6462217669943339
993,2021-06-01 08:20:01.324,2021-06-01 08:22:01.244,107,0.6460889232069046
994,2021-06-01 08:20:01.404,2021-06-01 08:22:01.324,107,0.6461098756111463
995,2021-06-01 08:20:01.484,2021-06-01 08:22:01.404,107,0.6460042953085328
996,2021-06-01 08:20:01.564,2021-06-01 08:22:01.484,107,0.6460029663762459
997,2021-06-01 08:20:01.644,2021-06-01 08:22:01.564,107,0.6459997888825699
998,2021-06-01 08:20:01.724,2021-06-01 08:22:01.644,107,0.6460808679375715
999,2021-06-01 08:20:01.804,2021-06-01 08:22:01.724,107,0.6462698864906166
1000,2021-06-01 08:20:01.884,2021-06-01 08:22:01.804,107,0.6464110626157346
1001,2021-06-01 08:20:01.964,2021-06-01 08:22:01.884,107,0.6462476321994101
1002,2021-06-01 08:20:02.044,2021-06-01 08:22:01.964,107,0.6458037769524806
1003,2021-06-01 08:20:02.124,2021-06-01 08:22:02.044,107,0.6455630363907895
1004,2021-06-01 08:20:02.204,2021-06-01 08:22:02.124,107,0.6454855160465367
1005,2021-06-01 08:20:02.284,2021-06-01 08:22:02.204,107,0.645393589140458
1006,2021-06-01 08:20:02.364,2021-06-01 08:22:02.284,107,0.6455628605160358
1007,2021-06-01 08:20:02.444,2021-06-01 08:22:02.364,107,0.6454993066273983
1008,2021-06-01 08:20:02.524,2021-06-01 08:22:02.444,107,0.6453177708335439
1009,2021-06-01 08:20:02.604,2021-06-01 08:22:02.524,107,0.6453585588616568
1010,2021-06-01 08:20:02.684,2021-06-01 08:22:02.604,107,0.6453255702306122
1011,2021-06-01 08:20:02.764,2021-06-01 08:22:02.684,107,0.6454371536613057
1012,2021-06-01 08:20:02.844,2021-06-01 08:22:02.764,107,0.6456247471822645
1013,2021-06-01 08:20:02.924,2021-06-01 08:22:02.844,107,0.6456985452105948
1014,2021-06-01 08:20:03.004,2021-06-01 08:22:02.924,107,0.6455055785258248
1015,2021-06-01 08:20:03.084,2021-06-01 08:22:03.004,107,0.6455525593547301
1016,2021-06-01 08:20:03.164,2021-06-01 08:22:03.084,107,0.6455778371408784
1017,2021-06-01 08:20:03.244,2021-06-01 08:22:03.164,107,0.6454481384267514
1018,2021-06-01 08:20:03.324,2021-06-01 08:22:03.244,107,0.645266419648464
1019,2021-06-01 08:20:03.404,2021-06-01 08:22:03.324,107,0.64505455184771
1020,2021-06-01 08:20:03.484,2021-06-01 08:22:03.404,107,0.6447838604610394
1021,2021-06-01 08:20:03.564,2021-06-01 08:22:03.484,107,0.6445827408150875
1022,2021-06-01 08:20:03.644,2021-06-01 08:22:03.564,107,0.6447372222177877
1023,2021-06-01 08:20:03.724,2021-06-01 08:22:03.644,107,0.6448633818104469
1024,2021-06-01 08:20:03.804,2021-06-01 08:22:03.724,107,0.6449103400208712
1025,2021-06-01 08:20:03.884,2021-06-01 08:22:03.804,107,0.6449760826019475
1026,2021-06-01 08:20:03.964,2021-06-01 08:22:03.884,107,0.6449873137392017
1027,2021-06-01 08:20:04.044,2021-06-01 08:22:03.964,107,0.6448344093450988
1028,2021-06-01 08:20:04.124,2021-06-01 08:22:04.044,107,0.6447215742768525
1029,2021-06-01 08:20:04.204,2021-06-01 08:22:04.124,107,0.6447156463095542
1030,2021-06-01 08:20:04.284,2021-06-01 08:22:04.204,107,0.6446485276837319
1031,2021-06-01 08:20:04.364,2021-06-01 08:22:04.284,107,0.6446143210459386
1032,2021-06-01 08:20:04.444,2021-06-01 08:22:04.364,107,0.6445129984664478
1033,2021-06-01 08:20:04.524,2021-06-01 08:22:04.444,107,0.6443024373393783
1034,2021-06-01 08:20:04.604,2021-06-01 08:22:04.524,107,0.6441943575900764
1035,2021-06-01 08:20:04.684,2021-06-01 08:22:04.604,107,0.6441213868675842
1036,2021-06-01 08:20:04.764,2021-06-01 08:22:04.684,107,0.6439833169405985
1037,2021-06-01 08:20:04.844,2021-06-01 08:22:04.764,107,0.644009007906331
1038,2021-06-01 08:20:04.924,2021-06-01 08:22:04.844,107,0.6442838068910882
1039,2021-06-01 08:20:05.004,2021-06-01 08:22:04.924,107,0.6444803847826353
1040,2021-06-01 08:20:05.084,2021-06-01 08:22:05.004,107,0.644324862678294
1041,2021-06-01 08:20:05.164,2021-06-01 08:22:05.084,107,0.6442431389163333
1042,2021-06-01 08:20:05.244,2021-06-01 08:22:05.164,107,0.6441686566191438
1043,2021-06-01 08:20:05.324,2021-06-01 08:22:05.244,107,0.6440287994676256
1044,2021-06-01 08:20:05.404,2021-06-01 08:22:05.324,107,0.6438933015059465
1045,2021-06-01 08:20:05.484,2021-06-01 08:22:05.404,107,0.6438014644811765
1046,2021-06-01 08:20:05.564,2021-06-01 08:22:05.484,107,0.643579275400132
1047,2021-06-01 08:20:05.644,2021-06-01 08:22:05.564,107,0.643378194608481
1048,2021-06-01 08:20:05.724,2021-06-01 08:22:05.644,107,0.6433233201685294
1049,2021-06-01 08:20:05.804,2021-06-01 08:22:05.724,107,0.643290590593796
1050,2021-06-01 08:20:05.884,2021-06-01 08:22:05.804,107,0.6433372826554945
1051,2021-06-01 08:20:05.964,2021-06-01 08:22:05.884,107,0.6434048562958664
1052,2021-06-01 08:20:06.044,2021-06-01 08:22:05.964,107,0.6434514012283927
1053,2021-06-01 08:20:06.124,2021-06-01 08:22:06.044,107,0.6432597577142806
1054,2021-06-01 08:20:06.204,2021-06-01 08:22:06.124,107,0.6430194957608948
1055,2021-06-01 08:20:06.284,2021-06-01 08:22:06.204,107,0.6429893755908126
1056,2021-06-01 08:20:06.364,2021-06-01 08:22:06.284,107,0.6429338841475972
1057,2021-06-01 08:20:06.444,2021-06-01 08:22:06.364,107,0.6427891401926664
1058,2021-06-01 08:20:06.524,2021-06-01 08:22:06.444,107,0.6426073324833819
1059,2021-06-01 08:20:06.604,2021-06-01 08:22:06.524,107,0.6424536425280456
1060,2021-06-01 08:20:06.684,2021-06-01 08:22:06.604,107,0.6424018776791506
1061,2021-06-01 08:20:06.764,2021-06-01 08:22:06.684,107,0.6424537910230653
1062,2021-06-01 08:20:06.844,2021-06-01 08:22:06.764,107,0.6425016032842464
1063,2021-06-01 08:20:06.924,2021-06-01 08:22:06.844,107,0.6425647697013017
1064,2021-06-01 08:20:07.004,2021-06-01 08:22:06.924,107,0.642565547834383
1065,2021-06-01 08:20:07.084,2021-06-01 08:22:07.004,107,0.6424304997080712
1066,2021-06-01 08:20:07.164,2021-06-01 08:22:07.084,107,0.642175728762876
1067,2021-06-01 08:20:07.244,2021-06-01 08:22:07.164,107,0.6420872802473478
1068,2021-06-01 08:20:07.324,2021-06-01 08:22:07.244,107,0.6420496730117318
1069,2021-06-01 08:20:07.404,2021-06-01 08:22:07.324,107,0.6419865507311063
1070,2021-06-01 08:20:07.484,2021-06-01 08:22:07.404,107,0.6418833358051318
1071,2021-06-01 08:20:07.564,2021-06-01 08:22:07.484,107,0.6417031650801427
1072,2021-06-01 08:20:07.644,2021-06-01 08:22:07.564,106,0.6415146933328066
1073,2021-06-01 08:20:07.724,2021-06-01 08:22:07.644,106,0.6414497113032993
1074,2021-06-01 08:20:07.804,2021-06-01 08:22:07.724,106,0.6414634216509709
1075,2021-06-01 08:20:07.884,2021-06-01 08:22:07.804,106,0.6414243829167049
1076,2021-06-01 08:20:07.964,2021-06-01 08:22:07.884,106,0.6415062478448759
1077,2021-06-01 08:20:08.044,2021-06-01 08:22:07.964,106,0.6415873214180056
1078,2021-06-01 08:20:08.124,2021-06-01 08:22:08.044,106,0.6415760488850032
1079,2021-06-01 08:20:08.204,2021-06-01 08:22:08.124,105,0.6413870652199776
1080,2021-06-01 08:20:08.284,2021-06-01 08:22:08.204,105,0.6413672892499853
1081,2021-06-01 08:20:08.364,2021-06-01 08:22:08.284,105,0.6412905954691248
1082,2021-06-01 08:20:08.444,2021-06-01 08:22:08.364,105,0.6411853662976049
1083,2021-06-01 08:20:08.524,2021-06-01 08:22:08.444,105,0.6410330439623307
1084,2021-06-01 08:20:08.604,2021-06-01 08:22:08.524,104,0.6408238730324075
1085,2021-06-01 08:20:08.684,2021-06-01 08:22:08.604,104,0.6406421598832842
1086,2021-06-01 08:20:08.764,2021-06-01 08:22:08.684,104,0.6406034388957818
1087,2021-06-01 08:20:08.844,2021-06-01 08:22:08.764,104,0.64067438402917
1088,2021-06-01 08:20:08.924,2021-06-01 08:22:08.844,104,0.6407541150500068
1089,2021-06-01 08:20:09.004,2021-06-01 08:22:08.924,104,0.6408890207266543
1090,2021-06-01 08:20:09.084,2021-06-01 08:22:09.004,104,0.6410048871094202
1091,2021-06-01 08:20:09.164,2021-06-01 08:22:09.084,104,0.640804819258381
1092,2021-06-01 08:20:09.244,2021-06-01 08:22:09.164,103,0.6404549525275696
1093,2021-06-01 08:20:09.324,2021-06-01 08:22:09.244,103,0.6403596623114363
1094,2021-06-01 08:20:09.404,2021-06-01 08:22:09.324,103,0.6403802128781184
1095,2021-06-01 08:20:09.484,2021-06-01 08:22:09.404,103,0.6404305605182876
1096,2021-06-01 08:20:09.564,2021-06-01 08:22:09.484,102,0.6403770221061711
1097,2021-06-01 08:20:09.644,2021-06-01 08:22:09.564,102,0.6402147046605074
1098,2021-06-01 08:20:09.724,2021-06-01 08:22:09.644,102,0.6403213742783498
1099,2021-06-01 08:20:09.804,2021-06-01 08:22:09.724,102,0.6401660518597226
1100,2021-06-01 08:20:09.884,2021-06-01 08:22:09.804,102,0.6403916970553695
1101,2021-06-01 08:20:09.964,2021-06-01 08:22:09.884,102,0.6403724835004635
1102,2021-06-01 08:20:10.044,2021-06-01 08:22:09.964,102,0.6405681102100516
1103,2021-06-01 08:20:10.124,2021-06-01 08:22:10.044,102,0.64067657179667
1104,2021-06-01 08:20:10.204,2021-06-01 08:22:10.124,102,0.640513389887454
1105,2021-06-01 08:20:10.284,2021-06-01 08:22:10.204,102,0.6403628182817984
1106,2021-06-01 08:20:10.364,2021-06-01 08:22:10.284,102,0.6403463343893417
1107,2021-06-01 08:20:10.444,2021-06-01 08:22:10.364,102,0.6403051888876257
1108,2021-06-01 08:20:10.524,2021-06-01 08:22:10.444,102,0.6401813211330414
1109,2021-06-01 08:20:10.604,2021-06-01 08:22:10.524,102,0.6400469321271446
1110,2021-06-01 08:20:10.684,2021-06-01 08:22:10.604,102,0.6397078041600086
1111,2021-06-01 08:20:10.764,2021-06-01 08:22:10.684,102,0.6393924255414948
1112,2021-06-01 08:20:10.844,2021-06-01 08:22:10.764,102,0.6395255486264132
1113,2021-06-01 08:20:10.924,2021-06-01 08:22:10.844,102,0.6395784830938844
1114,2021-06-01 08:20:11.004,2021-06-01 08:22:10.924,102,0.639626867768158
1115,2021-06-01 08:20:11.084,2021-06-01 08:22:11.004,102,0.6397538587141173
1116,2021-06-01 08:20:11.164,2021-06-01 08:22:11.084,102,0.6397149617525013
1117,2021-06-01 08:20:11.244,2021-06-01 08:22:11.164,102,0.6395450136556863
1118,2021-06-01 08:20:11.324,2021-06-01 08:22:11.244,102,0.6393905784045222
1119,2021-06-01 08:20:11.404,2021-06-01 08:22:11.324,102,0.639450263139675
1120,2021-06-01 08:20:11.484,2021-06-01 08:22:11.404,102,0.6393397030875764
1121,2021-06-01 08:20:11.564,2021-06-01 08:22:11.484,102,0.6392514481181804
1122,2021-06-01 08:20:11.644,2021-06-01 08:22:11.564,101,0.6391001494984447
1123,2021-06-01 08:20:11.724,2021-06-01 08:22:11.644,101,0.6389497173882758
1124,2021-06-01 08:20:11.804,2021-06-01 08:22:11.724,101,0.6388093080115265
1125,2021-06-01 08:20:11.884,2021-06-01 08:22:11.804,101,0.6387918065785206
1126,2021-06-01 08:20:11.964,2021-06-01 08:22:11.884,101,0.6388218469641451
1127,2021-06-01 08:20:12.044,2021-06-01 08:22:11.964,101,0.6387534787916788
1128,2021-06-01 08:20:12.124,2021-06-01 08:22:12.044,101,0.6387702033961796
1129,2021-06-01 08:20:12.204,2021-06-01 08:22:12.124,101,0.6388431800666563
1130,2021-06-01 08:20:12.284,2021-06-01 08:22:12.204,101,0.6387346689792132
1131,2021-06-01 08:20:12.364,2021-06-01 08:22:12.284,101,0.6386465555824762
1132,2021-06-01 08:20:12.444,2021-06-01 08:22:12.364,101,0.6385752625601007
1133,2021-06-01 08:20:12.524,2021-06-01 08:22:12.444,101,0.6384201571977786
1134,2021-06-01 08:20:12.604,2021-06-01 08:22:12.524,101,0.6383088726312801
1135,2021-06-01 08:20:12.684,2021-06-01 08:22:12.604,101,0.6381383895227642
1136,2021-06-01 08:20:12.764,2021-06-01 08:22:12.684,101,0.6379783340614313
1137,2021-06-01 08:20:12.844,2021-06-01 08:22:12.764,101,0.6379535622081574
1138,2021-06-01 08:20:12.924,2021-06-01 08:22:12.844,101,0.6379552074301812
1139,2021-06-01 08:20:13.004,2021-06-01 08:22:12.924,101,0.6380184313023584
1140,2021-06-01 08:20:13.084,2021-06-01 08:22:13.004,101,0.6381284708510366
1141,2021-06-01 08:20:13.164,2021-06-01 08:22:13.084,101,0.6381354714487911
1142,2021-06-01 08:20:13.244,2021-06-01 08:22:13.164,101,0.6381343696704376
1143,2021-06-01 08:20:13.324,2021-06-01 08:22:13.244,101,0.6378544465081661
1144,2021-06-01 08:20:13.404,2021-06-01 08:22:13.324,101,0.6376569300565369
1145,2021-06-01 08:20:13.484,2021-06-01 08:22:13.404,101,0.6375657343147457
1146,2021-06-01 08:20:13.564,2021-06-01 08:22:13.484,101,0.637550776477349
1147,2021-06-01 08:20:13.644,2021-06-01 08:22:13.564,101,0.6375911823340744
1148,2021-06-01 08:20:13.724,2021-06-01 08:22:13.644,100,0.637372195968348
1149,2021-06-01 08:20:13.804,2021-06-01 08:22:13.724,100,0.6372164871942345
1150,2021-06-01 08:20:13.884,2021-06-01 08:22:13.804,100,0.6371017812620363
1151,2021-06-01 08:20:13.964,2021-06-01 08:22:13.884,100,0.6369614527135763
1152,2021-06-01 08:20:14.044,2021-06-01 08:22:13.964,100,0.6369933100908335
1153,2021-06-01 08:20:14.124,2021-06-01 08:22:14.044,100,0.637111028891989
1154,2021-06-01 08:20:14.204,2021-06-01 08:22:14.124,100,0.6371268864478943
1155,2021-06-01 08:20:14.284,2021-06-01 08:22:14.204,100,0.6369613784331934
1156,2021-06-01 08:20:14.364,2021-06-01 08:22:14.284,100,0.6366999470769151
1157,2021-06-01 08:20:14.444,2021-06-01 08:22:14.364,100,0.6367457939515737
1158,2021-06-01 08:20:14.524,2021-06-01 08:22:14.444,100,0.6367070582867503
1159,2021-06-01 08:20:14.604,2021-06-01 08:22:14.524,100,0.6365764015572747
1160,2021-06-01 08:20:14.684,2021-06-01 08:22:14.604,100,0.6365342144564499
1161,2021-06-01 08:20:14.764,2021-06-01 08:22:14.684,100,0.6363168861053474
1162,2021-06-01 08:20:14.844,2021-06-01 08:22:14.764,100,0.6361797172428928
1163,2021-06-01 08:20:14.924,2021-06-01 08:22:14.844,100,0.6361997639962395
1164,2021-06-01 08:20:15.004,2021-06-01 08:22:14.924,100,0.6361784408434109
1165,2021-06-01 08:20:15.084,2021-06-01 08:22:15.004,100,0.6361123922341986
1166,2021-06-01 08:20:15.164,2021-06-01 08:22:15.084,100,0.6362537161847404
1167,2021-06-01 08:20:15.244,2021-06-01 08:22:15.164,100,0.636307347969853
1168,2021-06-01 08:20:15.324,2021-06-01 08:22:15.244,100,0.6363058714636171
1169,2021-06-01 08:20:15.404,2021-06-01 08:22:15.324,100,0.6360450669402322
1170,2021-06-01 08:20:15.484,2021-06-01 08:22:15.404,100,0.6358535585626343
1171,2021-06-01 08:20:15.564,2021-06-01 08:22:15.484,100,0.6358626453293291
1172,2021-06-01 08:20:15.644,2021-06-01 08:22:15.564,100,0.6358151069274908
1173,2021-06-01 08:20:15.724,2021-06-01 08:22:15.644,100,0.6357265851657344
1174,2021-06-01 09:33:02.210,2021-06-01 09:35:02.130,100,0.5888661073149053
1175,2021-06-01 09:33:02.290,2021-06-01 09:35:02.210,100,0.5889196115066208
1176,2021-06-01 09:33:02.370,2021-06-01 09:35:02.290,100,0.588854317860794
1177,2021-06-01 09:33:02.450,2021-06-01 09:35:02.370,100,0.5888830139663106
1178,2021-06-01 09:33:02.530,2021-06-01 09:35:02.450,100,0.5889014544505219
1179,2021-06-01 09:33:02.610,2021-06-01 09:35:02.530,100,0.5887973611190341
1180,2021-06-01 09:33:02.690,2021-06-01 09:35:02.610,100,0.5887521684646915
1181,2021-06-01 09:33:02.770,2021-06-01 09:35:02.690,100,0.5887854133201907
1182,2021-06-01 09:33:02.850,2021-06-01 09:35:02.770,100,0.5888783918628048
1183,2021-06-01 09:33:02.930,2021-06-01 09:35:02.850,100,0.5888036807977349
1184,2021-06-01 09:33:03.010,2021-06-01 09:35:02.930,100,0.5887648273754796
1185,2021-06-01 09:33:03.090,2021-06-01 09:35:03.010,100,0.588790763563024
1186,2021-06-01 09:33:03.170,2021-06-01 09:35:03.090,100,0.5887120571735883
1187,2021-06-01 09:33:03.250,2021-06-01 09:35:03.170,100,0.5886998974419133
1188,2021-06-01 09:33:03.330,2021-06-01 09:35:03.250,100,0.5887236100549256
1189,2021-06-01 09:33:03.410,2021-06-01 09:35:03.330,100,0.5887199526392921
1190,2021-06-01 09:33:03.490,2021-06-01 09:35:03.410,100,0.588757348084628
1191,2021-06-01 09:33:03.570,2021-06-01 09:35:03.490,100,0.5887396569210593
1192,2021-06-01 09:33:03.650,2021-06-01 09:35:03.570,100,0.5886812405043562
1193,2021-06-01 09:33:03.730,2021-06-01 09:35:03.650,100,0.588602033115687
1194,2021-06-01 09:33:03.810,2021-06-01 09:35:03.730,100,0.5886250977061086
1195,2021-06-01 09:33:03.890,2021-06-01 09:35:03.810,100,0.5888309952992788
1196,2021-06-01 09:33:03.970,2021-06-01 09:35:03.890,100,0.5887353993348984
1197,2021-06-01 09:33:04.050,2021-06-01 09:35:03.970,100,0.5885152220139507
1198,2021-06-01 09:33:04.130,2021-06-01 09:35:04.050,100,0.5884268012378525
1199,2021-06-01 09:33:04.210,2021-06-01 09:35:04.130,100,0.5883953736295415
1200,2021-06-01 09:33:04.290,2021-06-01 09:35:04.210,100,0.5884042728777852
1201,2021-06-01 09:33:04.370,2021-06-01 09:35:04.290,100,0.5883425770590172
1202,2021-06-01 09:33:04.450,2021-06-01 09:35:04.370,100,0.5882886635364939
1203,2021-06-01 09:33:04.530,2021-06-01 09:35:04.450,101,0.5883993291228675
1204,2021-06-01 09:33:04.610,2021-06-01 09:35:04.530,101,0.5885613967680398
1205,2021-06-01 09:33:04.690,2021-06-01 09:35:04.610,100,0.5886176813237177
1206,2021-06-01 09:33:04.770,2021-06-01 09:35:04.690,100,0.5887903615992193
1207,2021-06-01 09:33:04.850,2021-06-01 09:35:04.770,100,0.5886781570945169
1208,2021-06-01 09:33:04.930,2021-06-01 09:35:04.850,100,0.5886910216110591
1209,2021-06-01 09:33:05.010,2021-06-01 09:35:04.930,100,0.588736082366293
1210,2021-06-01 09:33:05.090,2021-06-01 09:35:05.010,100,0.5887453808660323
1211,2021-06-01 09:33:05.170,2021-06-01 09:35:05.090,100,0.5886487602886923
1212,2021-06-01 09:33:05.250,2021-06-01 09:35:05.170,100,0.5886707939258723
1213,2021-06-01 09:33:05.330,2021-06-01 09:35:05.250,100,0.5886647660842026
1214,2021-06-01 09:33:05.410,2021-06-01 09:35:05.330,100,0.5884200061530953
1215,2021-06-01 09:33:05.490,2021-06-01 09:35:05.410,100,0.5883493748602663
1216,2021-06-01 09:33:05.570,2021-06-01 09:35:05.490,100,0.5882919449403834
1217,2021-06-01 09:33:05.650,2021-06-01 09:35:05.570,100,0.5883122679267044
1218,2021-06-01 09:33:05.730,2021-06-01 09:35:05.650,100,0.5883929529105536
1219,2021-06-01 09:33:05.810,2021-06-01 09:35:05.730,100,0.5885871267220912
1220,2021-06-01 09:33:05.890,2021-06-01 09:35:05.810,100,0.5888352819974433
1221,2021-06-01 09:33:05.970,2021-06-01 09:35:05.890,100,0.5891218751461923
1222,2021-06-01 09:33:06.050,2021-06-01 09:35:05.970,100,0.5892690644711678
1223,2021-06-01 09:33:06.130,2021-06-01 09:35:06.050,100,0.5893830097707753
1224,2021-06-01 09:33:06.210,2021-06-01 09:35:06.130,100,0.589328812976838
1225,2021-06-01 09:33:06.290,2021-06-01 09:35:06.210,100,0.5890652026220826
1226,2021-06-01 09:33:06.370,2021-06-01 09:35:06.290,100,0.5886332156955336
1227,2021-06-01 09:33:06.450,2021-06-01 09:35:06.370,100,0.5884809239945239
1228,2021-06-01 09:33:06.530,2021-06-01 09:35:06.450,101,0.5887732432949732
1229,2021-06-01 09:33:06.610,2021-06-01 09:35:06.530,101,0.5890632563412858
1230,2021-06-01 09:33:06.690,2021-06-01 09:35:06.610,101,0.5893091674776155
1231,2021-06-01 09:33:06.770,2021-06-01 09:35:06.690,101,0.5894924339818056
1232,2021-06-01 09:33:06.850,2021-06-01 09:35:06.770,102,0.5895654130053314
1233,2021-06-01 09:33:06.930,2021-06-01 09:35:06.850,102,0.5896949208853904
1234,2021-06-01 09:33:07.010,2021-06-01 09:35:06.930,102,0.5897933831589371
1235,2021-06-01 09:33:07.090,2021-06-01 09:35:07.010,102,0.5899761424960481
1236,2021-06-01 09:33:07.170,2021-06-01 09:35:07.090,102,0.5901878472257202
1237,2021-06-01 09:33:07.250,2021-06-01 09:35:07.170,102,0.590338680710599
1238,2021-06-01 09:33:07.330,2021-06-01 09:35:07.250,102,0.5904443822729781
1239,2021-06-01 09:33:07.410,2021-06-01 09:35:07.330,102,0.5905519745802307
1240,2021-06-01 09:33:07.490,2021-06-01 09:35:07.410,102,0.59063074745019
1241,2021-06-01 09:33:07.570,2021-06-01 09:35:07.490,102,0.5905784392837092
1242,2021-06-01 09:33:07.650,2021-06-01 09:35:07.570,102,0.5906022304995494
1243,2021-06-01 09:33:07.730,2021-06-01 09:35:07.650,102,0.5909345636939382
1244,2021-06-01 09:33:07.810,2021-06-01 09:35:07.730,102,0.5911926313720884
1245,2021-06-01 09:33:07.890,2021-06-01 09:35:07.810,102,0.5912666088399742
1246,2021-06-01 09:33:07.970,2021-06-01 09:35:07.890,102,0.5914025807775106
1247,2021-06-01 09:33:08.050,2021-06-01 09:35:07.970,102,0.5915378379922466
1248,2021-06-01 09:33:08.130,2021-06-01 09:35:08.050,102,0.5917660071130689
1249,2021-06-01 09:33:08.210,2021-06-01 09:35:08.130,102,0.5920780518476961
1250,2021-06-01 09:33:08.290,2021-06-01 09:35:08.210,102,0.59224612441437
1251,2021-06-01 09:33:08.370,2021-06-01 09:35:08.290,102,0.5923256841667499
1252,2021-06-01 09:33:08.450,2021-06-01 09:35:08.370,102,0.5924124438152961
1253,2021-06-01 09:33:08.530,2021-06-01 09:35:08.450,101,0.5923822508714389
1254,2021-06-01 09:33:08.610,2021-06-01 09:35:08.530,101,0.5922597187837455
1255,2021-06-01 09:33:08.690,2021-06-01 09:35:08.610,101,0.592322097506325
1256,2021-06-01 09:33:08.770,2021-06-01 09:35:08.690,101,0.5927051255459157
1257,2021-06-01 09:33:08.850,2021-06-01 09:35:08.770,101,0.5930995199550954
1258,2021-06-01 09:33:08.930,2021-06-01 09:35:08.850,101,0.5931846007617346
1259,2021-06-01 09:33:09.010,2021-06-01 09:35:08.930,101,0.5932437852624179
1260,2021-06-01 09:33:09.090,2021-06-01 09:35:09.010,100,0.5934216535327187
1261,2021-06-01 09:33:09.170,2021-06-01 09:35:09.090,100,0.5935572735545863
1262,2021-06-01 09:33:09.250,2021-06-01 09:35:09.170,100,0.5939000716136088
1263,2021-06-01 09:33:09.330,2021-06-01 09:35:09.250,100,0.5942226134175667
1264,2021-06-01 09:33:09.410,2021-06-01 09:35:09.330,100,0.5943322821404403
1265,2021-06-01 09:33:09.490,2021-06-01 09:35:09.410,100,0.5944081005614796
1266,2021-06-01 09:33:09.570,2021-06-01 09:35:09.490,100,0.5944426070203804
1267,2021-06-01 09:33:09.650,2021-06-01 09:35:09.570,100,0.5944967983021088
1268,2021-06-01 09:33:09.730,2021-06-01 09:35:09.650,100,0.5948871652313872
1269,2021-06-01 09:33:09.810,2021-06-01 09:35:09.730,100,0.5954192267001901
1270,2021-06-01 09:33:09.890,2021-06-01 09:35:09.810,100,0.5953351505641478
